time_s,n,cross_track_p05,cross_track_p50,cross_track_p95,cross_track_min,cross_track_max,altitude_error_p05,altitude_error_p50,altitude_error_p95,altitude_p05,altitude_p50,altitude_p95,est_pos_error_p50,est_pos_error_p95
0,64,-2.32452212,-0.03097352,2.21364941,-3.02892117,2.68719824,-17.0864842,-0.389677569,12.8499586,102.913516,119.641337,132.870516,2.38236274,3.8493501
1,64,-11.2240121,0.934591365,12.7623143,-20.3250598,22.3008397,-18.1783015,-1.30982302,11.2250363,103.025866,119.891912,132.023042,1.16819201,2.39434184
2,64,-16.5208887,0.74247104,21.6790212,-33.7546267,38.2669179,-14.3372211,-1.60973444,6.9773358,107.303999,120.818861,128.577207,0.99537335,1.89890283
3,64,-15.4529262,0.18289124,22.2319698,-38.7401688,50.3042608,-10.4812474,-1.39718073,1.04786772,111.936867,122.168799,125.234336,0.80076754,1.4592797
4,64,-9.38152136,-0.0573641896,16.109784,-36.9501699,56.8008158,-6.90708437,-0.68758498,1.09229067,116.368233,124.29171,126.129797,0.651136465,1.12517011
5,64,-6.60039392,-0.55394393,7.59014268,-30.4860737,57.5684267,-3.65830165,-0.512014171,1.15603913,120.752724,125.625855,127.794159,0.690864809,1.15219871
6,64,-9.03679215,-0.0975095568,6.39023593,-19.6379768,51.0915907,-3.3948094,-0.353847371,0.845413384,123.17969,127.045283,129.273271,0.585738188,1.19127654
7,64,-10.1601571,-0.139705279,9.60136346,-11.7495687,37.434923,-2.51369628,-0.162925656,1.18753295,125.273054,128.535382,131.050688,0.636246129,0.989340894
8,64,-5.91908563,-0.122350197,8.79945363,-7.38327625,21.3843819,-1.48110409,-0.0304575964,1.0024324,126.618867,129.897803,132.889244,0.589981125,1.10197873
9,64,-2.07358175,0.0780936266,3.25198995,-3.48173543,17.1343504,-1.17732624,-0.00609343099,1.09996646,127.402352,131.196666,134.736635,0.583102681,1.26656654
10,64,-3.83525858,0.245631773,4.57882453,-11.8624834,9.43997145,-1.0249417,-0.147629718,1.03511517,128.42472,132.342861,136.347073,0.532583605,1.32072436
11,64,-4.13364095,0.0296950096,5.19265378,-14.7379897,8.88595004,-1.19193568,-0.0937759773,0.824112766,129.290567,133.566533,137.929601,0.580226323,1.388133
12,64,-5.60184318,0.00530636273,4.2397941,-11.5603269,6.06991468,-0.973984124,-0.149354889,0.773068075,130.027208,134.863082,139.415124,0.632956562,1.43848967
13,64,-3.30697624,-0.0877899685,1.6306808,-12.0808891,2.05942182,-0.998294092,-0.162057999,0.870208072,131.255683,135.93669,140.937798,0.597592795,1.37804483
14,64,-2.55507261,-0.120884239,2.28430023,-10.2065975,4.87593561,-0.927437145,-0.0996946724,0.797526579,132.091618,137.29598,142.368717,0.585854716,1.40375233
15,64,-4.1884033,-0.117583995,2.56201203,-7.69800515,10.2658666,-1.08766043,-0.127187489,0.685219955,132.695338,138.473247,143.997251,0.650557573,1.4651489
16,64,-3.6878658,0.0112500151,2.77986792,-5.90763287,10.4216147,-0.99584258,-0.123095509,0.816631397,133.689266,139.938371,145.718971,0.569951036,1.41733104
17,64,-1.98556001,0.1129,2.87786205,-2.69283375,27.7469924,-1.11249879,-0.126716831,0.821033062,134.666789,141.20166,147.447835,0.600724212,1.32817173
18,64,-1.41515159,0.0769336195,11.3959323,-2.0221269,30.7454712,-1.00116737,-0.0870980549,0.720785419,135.703589,142.447516,149.148293,0.696797961,1.39488411
19,64,-4.91184413,0.0173762109,21.817742,-20.6455315,36.1298938,-2.21489093,0.0191357575,1.40944471,136.665967,143.547988,151.379811,0.671306626,1.36606397
20,64,-25.3808991,-0.02025223,28.4537705,-36.9096721,37.9327627,-1.15256077,-0.132421729,1.31471159,137.592874,144.811224,151.314712,0.701956826,1.40202721
21,64,-36.5731211,-0.0810313343,21.1858369,-53.7146534,37.2083562,-1.22617079,-0.00228225683,1.26741331,138.436126,146.1945,151.267413,0.737464166,1.50014993
22,64,-41.193405,-0.133805016,25.1768319,-66.017813,37.7330996,-1.33975028,0.203112744,1.51766694,139.522142,147.3819,151.517667,0.74888237,1.52229404
23,64,-46.8682381,-0.10991257,26.2045203,-69.7116724,32.9784506,-1.57066556,0.0748195387,1.62192248,140.512819,148.580659,151.621922,0.720961958,1.65435491
24,64,-53.6206628,-0.434509334,24.8151015,-65.5441268,38.2830947,-1.38746515,0.322972703,1.47263262,141.240571,149.677489,151.472633,0.787200582,1.61320248
25,64,-52.8426687,-11.2418499,18.9117191,-71.749431,27.5680147,-0.9504423,0.246357887,1.35193905,142.155648,150.090522,151.351939,0.814489704,1.65842114
26,64,-44.2446193,-15.5463089,21.1028636,-77.4060061,35.3290451,-1.05273551,0.307663869,1.41012429,142.901008,150.237124,151.410124,0.837296069,1.75033272
27,64,-32.3767261,-12.3517091,12.2993558,-75.6817235,34.9390188,-0.923220218,0.266244536,1.37849944,143.749051,150.203575,151.378499,0.817629438,1.77907226
28,64,-29.7221068,-4.40515991,12.5623861,-66.6713695,38.0884681,-1.3541268,0.19882622,1.51686281,144.8155,150.160653,151.478157,0.866283385,1.81312856
29,64,-24.9601693,-0.455893648,21.8731099,-51.6379794,38.3629836,-1.66238272,0.236381072,1.25251169,145.706105,150.209402,151.252512,0.90089644,1.95399501
30,64,-14.2523914,1.07953799,21.1069609,-33.125931,31.9117308,-0.907897323,0.326862255,1.4591668,146.249407,150.326862,151.459167,0.876305807,1.95306938
31,64,-11.0102275,5.14907658,24.58376,-22.2042686,38.4802641,-1.42273567,0.34867824,1.41590319,147.258496,150.348678,151.415903,0.857763095,2.12651579
32,64,-10.9797561,5.51860059,23.2342796,-23.0692327,35.610743,-1.18684727,0.327155809,1.2726876,148.642537,150.327156,151.272688,0.838449246,2.06070055
33,64,-10.3636149,4.95736303,19.277359,-17.6660083,31.0363104,-0.926977088,0.268019596,1.18610442,148.728257,150.26802,151.186104,0.926997097,2.08674902
34,64,-7.35990819,1.14012962,22.9725467,-11.8839075,36.0584675,-0.728766872,0.368929704,1.13057769,149.234091,150.36893,151.130578,0.895703143,2.18493736
35,64,-12.7272631,-1.33320281,13.8883503,-14.6686731,34.2668737,-0.39970282,0.259063192,1.0665332,149.532174,150.259063,151.066533,0.923085488,2.31894683
36,64,-15.6542557,-1.13399093,13.0940213,-18.5718392,30.9149344,-0.651863379,0.209133868,1.01990321,149.348137,150.209134,151.019903,0.933995034,2.25262758
37,64,-14.2915177,-1.90639689,10.6893526,-32.2405567,19.4587085,-0.660409317,0.242649421,0.967809303,149.339591,150.242649,150.967809,0.956266912,2.1652015
38,64,-9.75985191,-0.71169693,8.47217741,-64.9584337,11.6354923,-0.664851353,0.216210211,1.12549865,149.335149,150.21621,151.125499,0.951930188,2.294213
39,64,-13.6941729,0.860438759,36.7760072,-93.2099895,40.3001791,-0.757806587,0.167856634,1.15141,149.242193,150.167857,151.109876,0.969957953,2.19141314
40,64,-9.62669565,1.16164557,12.4409855,-115.566839,28.360682,-0.980813498,0.0844543961,1.65638117,149.012868,150.012974,150.922347,0.986161584,2.07617896
41,64,-15.812873,0.727819201,5.67497734,-131.177099,43.3720226,-1.19224911,0.078772017,1.73980445,148.183703,149.899003,151.015153,0.94301232,2.07176777
42,64,-37.0620557,0.669098677,13.523179,-139.371283,40.4091848,-0.960782515,0.0599982173,1.5490232,146.033382,149.853664,150.631172,0.96031614,2.04746535
43,64,-46.6973552,-0.219937461,7.42246116,-139.985101,34.1364754,-1.06328557,-0.0217218027,1.4226606,144.247918,149.808324,150.70178,0.995244428,2.07577632
44,64,-53.0213292,-0.381346101,25.2142079,-133.909083,37.5557376,-1.36488607,0.0600868986,1.53032521,142.4468,149.681181,150.875755,1.00265776,2.22325367
45,64,-56.0678962,-0.715837278,15.1969839,-122.951769,38.5943645,-0.929412093,0.00225814518,1.49118363,140.37381,149.624889,150.906737,0.988836732,2.22275279
46,64,-60.2093042,-0.200566133,30.1802492,-119.464121,35.0055721,-0.836817907,0.0665777737,1.19692406,138.582472,149.539518,150.802772,1.01993418,2.30289403
47,64,-52.2933634,-0.0356579206,11.2052344,-117.413665,21.1994441,-0.911263296,0.12840903,1.47358929,137.452359,149.247167,150.68684,1.01754545,2.25254393
48,64,-61.0949688,-0.86444602,32.6366648,-109.189484,37.8654391,-1.07903634,0.337292463,1.44546974,135.706449,148.757321,150.644973,0.972230662,2.34663716
49,64,-65.9222113,0.041683045,16.5377806,-96.0021689,39.2421076,-1.00008579,0.388207715,1.38223646,134.123604,147.673842,150.57766,1.01864013,2.49985937
50,64,-62.2466365,-1.10850667,20.1403413,-80.8520799,40.506775,-1.03915761,0.286386658,1.61709151,132.195309,145.438769,150.614381,1.01271465,2.32370402
51,64,-63.8807306,-2.62069808,14.8489542,-81.217083,30.7215467,-0.950360776,0.306503289,1.70533003,130.428427,143.258497,150.302758,1.06738001,2.33737554
52,64,-55.7191261,-3.70024257,6.24059392,-84.0927726,20.7625441,-1.05623206,0.410926906,1.88224597,127.968216,141.725402,150.133939,1.01291696,2.40852452
53,64,-60.160401,-2.09423525,7.40019688,-85.4414382,37.1333714,-1.09896733,0.348336407,1.66680996,125.506801,140.473959,150.070792,1.02662142,2.37013555
54,64,-46.4948945,-0.438486001,8.93560365,-78.2387924,18.9951938,-0.987757834,0.363798204,1.62961929,124.081237,138.397631,150.058831,1.0662978,2.36395303
55,64,-52.9554383,0.0710558696,10.2948953,-71.6515623,15.1559885,-0.90049484,0.227266345,1.91465706,121.964165,135.876267,149.970236,1.16218344,2.38657453
56,64,-48.2864869,0.356498356,13.3053567,-61.8352314,15.6809829,-0.817444837,0.173112942,1.75065274,119.750981,133.94196,149.896475,1.24134547,2.45648618
57,64,-28.3745156,0.839980176,15.9443248,-53.3094484,24.274349,-0.76523263,0.153088143,1.54148726,117.602932,131.906472,149.72311,1.20150188,2.46408958
58,64,-12.0725116,0.234045096,13.7750512,-42.6392061,37.0805747,-0.824526762,0.252726146,1.49905919,115.798212,130.148859,149.669548,1.23278427,2.52324507
59,64,-13.047852,0.139518795,18.4184352,-26.4741601,38.4270288,-0.93523684,0.262259052,1.9070569,113.856314,128.305399,149.462826,1.21348021,2.39713931
60,64,-7.96773554,-0.250646004,23.6083867,-31.6433733,30.6937167,-1.28284536,0.300738776,1.48933682,111.478516,126.533641,149.186201,1.16355469,2.51526221
61,64,-14.3464658,-0.376173148,15.952266,-40.1565552,31.1025691,-1.66387692,0.138251258,1.21919328,108.778056,124.714225,149.087361,1.18083812,2.54607099
62,64,-18.5193095,-0.386072742,22.4611291,-42.6614831,32.6145963,-2.66864811,0.166205344,1.33662872,107.331352,122.692526,148.693655,1.27464062,2.43992757
63,64,-22.6243539,0.187483833,26.2626887,-37.9255727,31.0107909,-1.80226647,0.168549071,1.96345316,108.197734,120.668421,146.886091,1.29426235,2.61896053
64,64,-16.0679695,0.740120963,25.7921575,-42.0528302,41.8409237,-2.6997488,-0.011115957,2.74864418,107.300251,119.190912,144.462978,1.27802344,2.70243226
65,64,-10.2584703,0.714157645,12.5402955,-42.7414815,40.0020961,-3.42495504,-0.178241279,1.32497681,106.575045,117.729059,142.044894,1.27775006,2.80617144
66,64,-22.873947,0.548557284,30.0949882,-39.50542,36.6923522,-2.69671875,-0.133932843,2.68411693,107.303281,115.698326,139.937378,1.29846872,2.8012417
67,64,-17.5794161,0.881315605,16.702016,-54.3611045,35.3891902,-2.92746256,-0.406180734,1.70447619,107.072537,114.052885,137.686229,1.2469102,2.6601665
68,64,-19.5087416,1.98848088,28.006278,-78.6357491,32.4601686,-3.02364459,-0.368537815,2.5317082,106.976355,111.90684,135.036056,1.22594604,2.73211908
69,64,-20.9778831,1.5825466,23.493207,-96.6058943,30.7686882,-2.97749167,-0.611950293,2.43665575,107.022508,109.622963,132.557227,1.15676414,2.81299426
70,64,-37.272997,0.698461684,13.2205889,-106.990312,22.956621,-3.4483957,-0.772887882,1.06912519,106.551604,109.437214,130.735819,1.16280194,2.86100713
71,64,-46.1099334,0.0903107665,16.5435108,-109.928838,32.5580077,-2.80829465,-0.783436161,1.17356548,107.191705,109.278997,128.69354,1.17911618,2.92513843
72,63,-49.6494445,0.197345037,18.612093,-105.921623,33.0245552,-2.1772774,-0.52699651,1.19813887,107.822723,109.562519,126.396318,1.21514266,3.05221279
73,63,-39.027285,0.737238547,9.01349437,-96.6069043,14.4193133,-2.33428264,-0.388351882,1.07585448,107.665717,109.798084,124.274732,1.18851128,3.11681196
74,63,-24.5195069,1.11490173,6.53617155,-83.8247089,26.0533619,-2.20257963,-0.413554824,1.14292582,107.79742,109.718397,123.094993,1.22516883,3.10054188
75,63,-17.7886065,1.50214961,8.38439159,-70.7273433,18.4707918,-2.20451708,-0.339570925,1.03075084,107.795483,109.809897,122.297627,1.27998685,3.05345375
76,63,-18.3831344,0.908501772,6.84718539,-58.2041333,8.38775416,-1.83381305,-0.426482747,0.933007938,108.166187,109.723131,121.067727,1.36945224,2.79207044
77,63,-14.2479914,0.830743311,8.88584571,-46.0842639,31.5055217,-2.11560405,-0.341096197,1.35488164,107.884396,109.798428,119.367156,1.43086467,2.66160356
78,62,-7.74325999,0.646283096,9.35841769,-36.8668148,30.0574605,-1.63896513,-0.425852054,1.56354553,108.361035,109.647092,118.586269,1.44163096,2.76026489
79,62,-9.6727408,0.309670904,14.6703332,-28.518132,32.0217326,-2.28361358,-0.235660943,1.34260556,107.716386,109.764339,117.919307,1.51499166,2.82379392
80,62,-14.0345892,0.328188203,9.1809023,-33.5061706,24.4994605,-2.39574251,-0.156318284,1.20099428,107.604257,109.845205,117.556041,1.50433349,3.00892903
81,62,-7.78704862,0.226783826,9.53216441,-32.4109354,28.5739703,-1.98725189,-0.222568447,1.38580126,108.012748,109.854387,116.517615,1.51973949,2.98240689
82,62,-9.90073004,0.429023777,8.15030737,-25.2652909,18.4812325,-1.56858035,-0.187716862,1.12995079,108.43142,109.838317,114.6963,1.57562098,3.30463825
83,62,-7.82191872,0.564820355,12.5854017,-19.0971968,26.0952182,-1.14403578,-0.129723136,1.19118141,108.855964,109.907323,112.37965,1.59090818,3.49997081
84,62,-4.76281726,0.524175113,10.5912071,-10.7393513,21.6865807,-1.31241569,-0.0895343687,1.13401773,108.687584,109.927769,111.546984,1.65255205,3.53871223
85,62,-2.81882935,0.597360301,9.06831373,-8.66240282,13.2322117,-1.67428012,-0.0971082336,1.18788479,108.32572,109.90449,111.463378,1.63929861,3.40658179
86,62,-4.17537408,0.423589157,8.21056353,-4.94784145,18.0436409,-1.39885545,-0.153021113,1.1562527,108.601145,109.846979,111.606302,1.58301162,3.47876282
87,62,-2.56372298,0.258857732,14.8183697,-7.00105202,29.2051742,-1.48092594,-0.0154902096,1.34147636,108.519074,109.98451,111.538077,1.56342627,3.57870921
88,62,-1.34190947,0.278999815,13.6782655,-12.9138201,35.6967671,-1.6208405,-0.161738715,1.37439178,108.379159,109.838261,111.466777,1.49395454,3.71635187
89,62,-2.27391194,0.181490466,19.7821844,-14.3120036,36.6849262,-1.56654522,-0.128855608,1.39883043,108.433455,109.871144,111.460774,1.48649414,3.77071225
90,62,-8.28077797,0.28981691,7.29117748,-23.0387087,24.2466106,-1.58584069,-0.320146603,1.35805206,108.539011,109.694003,111.385046,1.44075951,3.82767231
91,62,-10.9230957,0.3212144,30.4965376,-24.1683215,34.6403611,-1.54491433,-0.263049944,0.800379169,108.455086,109.879497,111.493797,1.51606089,3.7355431
92,62,-12.9228668,0.500213444,30.5569275,-23.5781594,35.2426136,-1.51522726,-0.354450335,0.834094612,108.487227,109.791428,111.455077,1.46782665,3.76188307
93,62,-8.50682835,0.138079955,24.8459563,-34.2957827,32.0955567,-1.64838082,-0.362097828,1.10700034,108.492997,109.969696,112.315949,1.45680968,3.26486345
94,62,-13.6990606,-0.0232289831,17.8627192,-37.0706613,35.3003841,-1.89600863,-0.315923969,1.06900825,108.684206,110.00061,113.59408,1.48605764,3.26661301
95,62,-14.5486345,0.318521279,22.071715,-32.9058794,27.6457437,-2.05196887,-0.448997285,1.14169611,108.804841,110.317716,114.429019,1.4697321,3.30462485
96,62,-19.0093991,0.177458518,12.4673121,-23.2472428,29.9928976,-1.77880178,-0.370034487,1.18619983,108.778161,110.405168,115.249797,1.459755,3.39377423
97,62,-16.6643199,0.348391479,24.0593936,-47.5896468,31.5534753,-1.64263854,-0.318044673,1.00503337,108.937336,110.949477,116.451543,1.44957976,3.40271673
98,62,-20.1597676,1.21663431,17.4116901,-65.6616275,29.0750838,-1.49195261,-0.245348821,1.07365687,108.803777,111.435967,117.348283,1.47871256,3.41558169
99,62,-21.8487731,0.70473189,7.46017419,-75.8621026,15.6451481,-1.49785511,-0.257076233,1.13863784,108.815086,112.279121,118.144825,1.48808357,3.35258653
100,62,-24.3106396,1.37344915,7.94992823,-78.2653326,30.8170112,-1.41288878,-0.17432764,1.09574795,108.980864,113.145738,119.02188,1.56810011,3.4015064
101,62,-15.5738715,0.41123569,12.4599098,-74.1911107,37.4005287,-1.21506648,-0.192559756,1.12226757,109.114626,113.95285,119.749991,1.56478929,3.32421426
102,62,-32.6879761,0.334606391,12.6893505,-62.9105858,26.0057627,-1.06906859,-0.216836427,1.08709226,109.472794,114.785141,120.37029,1.5074765,3.23568986
103,62,-44.0289115,0.449572478,10.8569465,-58.3072036,18.7002402,-1.48019721,-0.211727738,1.06268149,109.646982,115.564902,121.404656,1.51265273,3.28363054
104,62,-31.5446121,0.310343223,12.9927824,-54.4950708,32.8834968,-1.40699507,-0.195005926,1.22149555,109.528495,116.185105,122.404906,1.58520118,3.25779515
105,62,-22.8857117,0.271692805,10.6589407,-44.1160941,19.2548672,-1.55050419,-0.0861367184,0.996631854,109.593151,117.578158,123.355085,1.54141364,3.34527444
106,62,-19.4095034,0.681325385,7.77047993,-31.5028111,31.2458668,-1.10086056,-0.0664138161,0.945557277,109.681775,118.825607,124.130854,1.64773606,3.53279301
107,62,-9.53536619,0.770284291,5.55449201,-20.1500777,23.6753758,-1.26040702,-0.051192529,1.02494302,109.600696,119.549568,124.703041,1.69347088,3.42916618
108,62,-9.41136191,0.82998033,4.84068246,-24.8335834,8.26041861,-1.55540569,-0.179576802,1.12697451,110.035614,119.98213,125.59989,1.65163549,3.47902841
109,62,-7.41145861,0.386937242,6.36477753,-47.4644576,10.9655457,-1.57485926,-0.230162765,1.32375441,110.331471,121.065351,126.443283,1.66655335,3.69902203
110,62,-5.70339632,0.483352399,18.0230562,-63.3313351,34.3187857,-1.47783291,-0.161649623,1.26920527,111.024506,122.171182,127.692883,1.65124025,3.76398586
111,62,-3.35400352,0.229645816,11.7475488,-71.7064186,18.7729269,-1.54392798,-0.124980539,1.43727558,111.347065,123.029208,128.744132,1.70658945,3.85648724
112,62,-6.76191209,0.507814259,14.2661931,-72.1241108,31.2925084,-1.71619379,-0.339546566,1.50285707,111.110174,123.555085,129.437358,1.69014403,3.91783345
113,62,-7.0431431,0.382034472,33.5167081,-65.4883875,39.5396024,-1.90760168,-0.264760941,1.74441013,110.75586,124.541739,130.354478,1.75066856,3.93188273
114,62,-11.8406532,0.454049249,30.7056248,-52.7432733,39.5460448,-2.09318088,-0.169456875,1.79381009,111.961703,125.558014,130.829722,1.74686272,4.02321539
115,62,-22.6458742,0.430964457,27.4425978,-37.2829149,33.1566305,-1.62595602,0.0593406533,1.39783548,111.17379,126.389101,131.051644,1.74887914,3.68009457
116,62,-24.3000393,-0.259106966,8.70566051,-37.9368343,35.937393,-1.01590882,0.07736386,1.2283718,110.64106,127.173219,130.574937,1.70615978,3.71543542
117,62,-30.5021342,-0.904407534,22.6626186,-52.2762462,35.3661324,-1.12860554,0.0409354081,1.19238137,110.729038,127.328513,130.227949,1.74954106,3.66347331
118,62,-43.2209851,-0.00045993805,29.3206202,-58.4019791,38.8077036,-1.12333396,-0.0192341105,1.34980899,111.791765,128.11201,130.015939,1.72555448,3.81965108
119,62,-48.7827237,-0.208480668,21.9331502,-63.1967964,40.0360711,-1.00321045,0.011218402,1.38138702,113.476246,128.071954,130.11062,1.65054307,3.79087839
120,62,-45.0191741,-0.647527974,19.5262221,-74.1627815,32.3882785,-1.23738032,-0.0301997871,1.53362302,115.040761,128.021441,130.534361,1.72077437,3.75422075
121,62,-34.8589472,-0.24301376,6.2859439,-77.8747165,15.4310866,-0.888680765,0.0858339771,1.54798865,116.281725,127.72918,130.322028,1.76469706,3.87751486
122,62,-34.1953351,0.131723342,23.0597121,-74.2328241,40.7652678,-1.19305434,0.0599616872,1.4787164,117.417378,127.462515,130.466675,1.77518962,3.90451178
123,62,-40.1855107,0.276604676,11.7792768,-63.731529,21.5170013,-1.30437074,0.130100907,1.51033081,118.706204,127.016751,130.489259,1.77905941,4.04466007
124,62,-45.4533575,0.313416827,11.6679843,-52.2003186,33.8276262,-1.15969312,0.0416453271,1.71558177,119.588055,126.745464,130.605809,1.82612273,3.99434057
125,62,-40.0840675,-0.173780643,19.3571945,-54.4310424,31.6597883,-1.44066582,0.220143709,1.65885751,120.223505,126.729254,129.944096,1.77921885,4.07652215
126,62,-37.4898787,-0.865760577,17.2058658,-57.0321866,34.2581006,-1.161446,0.0961704287,1.49975785,120.969858,126.8146,129.663005,1.73815561,3.96335332
127,62,-37.4200831,-0.641470906,11.6421956,-65.3516204,41.3800788,-1.21432211,0.151000631,1.57989639,122.183946,126.294297,129.741782,1.72247941,4.03829167
128,62,-29.4697271,-0.389387397,14.5465525,-66.1264584,39.6114428,-1.4426363,0.127605167,1.65810792,122.341769,125.963787,129.67435,1.69713458,4.05923017
129,62,-23.1446859,-0.111965105,15.1785324,-59.0299913,24.3219256,-1.01496568,0.171782751,1.41025939,121.661396,125.517378,129.700241,1.69563912,4.05117736
130,62,-15.2006874,0.254193502,18.1597672,-44.8054393,36.3305099,-1.40674483,0.165895615,1.43504852,121.587666,125.430294,130.191038,1.68218293,4.04066599
131,62,-13.941869,0.621472282,15.0604107,-47.4653236,21.6338502,-1.26247341,0.20376528,1.61509441,121.051062,124.975266,129.979279,1.6493593,4.12151818
132,62,-10.1025051,0.443457275,13.4042621,-50.5260739,23.2369362,-1.22633442,0.0721954921,1.67890521,120.419033,124.507104,129.822631,1.62004304,3.97737658
133,62,-17.9070367,0.410770973,21.8428283,-46.0550255,34.3537016,-1.21619648,0.156037442,1.75077322,120.588737,124.051248,129.727953,1.62823221,4.05834737
134,62,-26.9946387,0.165763477,18.3295372,-51.6862091,29.7636744,-1.42490512,0.13634913,1.27704193,120.246383,123.669019,129.723787,1.64410008,4.22194298
135,62,-21.6766018,-0.0566415694,25.510897,-58.4808099,33.4858734,-1.76507803,0.0339872213,1.51357134,119.733421,123.286792,129.299984,1.69950448,4.0996952
136,62,-25.2352424,0.165221195,29.1818606,-57.6470969,34.6019941,-1.6690882,0.103372274,1.57998921,119.10783,122.700584,128.971751,1.6775092,4.06093929
137,62,-17.0970309,0.100939163,16.2833904,-49.3001251,33.0765919,-1.69817612,0.0510038305,1.42746758,119.214163,122.521819,128.64754,1.67954245,4.09617999
138,62,-26.364105,-0.351022729,30.3106178,-61.603783,34.0907196,-1.99255343,-0.175105076,1.39985122,118.751458,122.391968,128.859301,1.74499684,3.89626353
139,62,-19.0751938,-0.240514093,30.2509645,-68.8828234,36.9284938,-2.57790414,-0.355246174,1.54885482,118.512232,122.263219,128.210926,1.68287879,4.10034956
140,62,-18.4842516,0.245618231,20.0212868,-68.2369965,33.0981343,-2.29654201,-0.171183148,1.14761364,118.570401,122.40914,127.985075,1.7169931,4.0400617
141,62,-15.8877732,0.285398427,22.6131114,-59.9794226,36.2563896,-2.22638605,-0.133521631,1.54479461,118.492388,122.395098,127.888196,1.67364426,4.04432739
142,62,-12.4999136,0.670395071,19.9088779,-45.5319636,36.3901353,-2.27412893,-0.24239539,1.76093916,119.022237,122.799888,129.439166,1.65070391,3.96188483
143,62,-7.98483964,0.681278719,28.9688466,-45.4723068,34.2776945,-2.13655843,-0.254070628,1.34062656,118.962691,123.229393,129.351827,1.67977556,4.1415111
144,62,-11.3886006,1.63915035,21.7513277,-56.7750555,33.6198406,-1.98331818,-0.411197441,1.6735803,118.937415,123.94962,129.896768,1.72601786,4.20226417
145,62,-15.4864105,2.18360708,11.6588066,-61.2342244,23.2294417,-2.29572688,-0.508667306,1.47631392,118.665741,124.547492,131.43241,1.81215093,4.1047954
146,62,-26.2183167,0.40351796,8.3801658,-58.1596024,26.1649194,-2.09650884,-0.397154754,1.73739199,119.348332,125.446284,132.685485,1.7684327,4.11278234
147,62,-26.0378004,0.142108447,7.56587982,-47.5816413,35.7886072,-2.03501644,-0.216511258,1.77406407,119.291375,125.701838,133.930334,1.71859245,4.103254
148,62,-19.5929694,-0.0239367502,7.86130532,-59.3318244,36.7669937,-1.7906611,-0.157312733,1.42573642,120.311502,126.579223,135.314897,1.7756456,4.15163928
149,62,-17.8709708,0.114684062,18.731274,-67.2441926,31.0951297,-1.39570668,-0.139575709,1.1728914,119.808774,127.240632,136.681977,1.8115164,4.10387732
150,62,-21.9682055,0.550032149,15.8588496,-67.4062931,27.7141368,-2.22535016,-0.211674961,1.41636101,119.655738,128.159402,137.964222,1.73766777,4.13714674
151,62,-15.4704735,0.915769319,11.8066496,-60.4624411,32.0732471,-2.02102498,-0.105207522,1.52858182,119.464885,129.109422,139.289783,1.76292466,4.05044032
152,62,-20.3161141,0.852361308,22.0784494,-57.2059352,35.7021452,-2.10195962,0.0399719114,1.26337411,120.719452,130.46489,139.838071,1.74242148,4.15395078
153,62,-38.8336293,0.877293712,21.9274942,-61.9180657,27.1014607,-1.98200653,0.00288702071,1.2224748,120.419167,131.914586,141.315465,1.74627081,4.15783836
154,62,-38.2422882,0.244411059,11.6869069,-72.0908886,20.4582291,-1.71025989,-0.101188713,1.34452314,120.349825,133.355087,142.583793,1.82384896,4.14598647
155,62,-26.7445596,0.452572069,8.08048034,-100.838383,34.2141394,-1.51710747,-0.16376618,1.47859563,120.743908,134.755886,143.871376,1.80604901,4.12791714
156,62,-29.8735334,0.178872751,10.9661689,-123.262358,28.156592,-1.74218675,0.0138239404,1.52658375,120.611013,135.992651,145.338599,1.89130676,4.07130785
157,62,-18.2925478,0.0676062553,4.89306509,-137.89532,18.7969454,-1.55770964,0.108940375,1.59642094,121.83402,137.078755,146.313535,1.92277923,4.0378842
158,62,-16.0251509,0.21423213,18.7069189,-144.575776,31.9217051,-1.9142653,0.0184098786,1.43178382,122.305872,138.420546,148.145845,1.93278672,4.05080435
159,62,-11.78647,0.442869567,21.3676914,-143.774537,35.2949928,-1.70014445,-0.00205859324,1.48046361,122.077188,139.820748,149.541181,1.82639519,3.92050158
160,62,-14.858441,0.330174065,28.8066015,-136.993928,36.1666129,-1.40828003,-0.19689741,1.23722001,122.104415,141.292382,150.870465,1.83432357,4.00653485
161,62,-21.4676269,0.320287456,29.7693386,-125.344569,39.1425369,-1.91614495,-0.170868456,1.44321293,122.093968,142.474003,151.442547,1.80922143,4.19548035
162,62,-26.230365,0.127627604,24.2753124,-109.056561,39.6860465,-1.6639799,-0.0089118105,1.36718863,122.258392,143.609977,151.367189,1.91180899,4.3160478
163,62,-25.6526736,-0.281908684,22.3064706,-91.8717846,31.5232849,-1.39952066,-0.0285700001,1.67304254,124.584801,144.814129,151.207906,1.8259685,4.40056141
164,62,-31.2504041,-0.408098183,24.2263668,-75.692579,37.1916197,-1.28617424,0.0190705296,1.87959619,126.082246,146.144529,151.505123,1.81076913,4.33267953
165,62,-37.4234723,-0.406104542,21.438288,-60.1329797,35.322313,-1.56248583,-0.0431026321,2.09832569,127.46409,147.400817,151.738093,1.75604313,4.48218591
166,62,-40.6173072,-0.510479822,19.6006995,-53.705938,33.4345765,-1.84091058,0.0727628519,2.05190167,128.811095,148.540093,151.710761,1.83203279,4.45969659
167,62,-34.8451016,-0.384351376,18.0588192,-64.550564,35.7592223,-2.14123141,0.0667504209,1.98085271,129.822251,149.447523,151.939454,1.86228377,4.50466861
168,62,-36.5236191,-0.464853084,10.1579366,-90.778937,32.7048,-1.66905468,0.361709065,1.96948512,130.073797,149.912345,151.832696,1.85882092,4.54872283
169,62,-41.7339288,0.0144727697,9.88565135,-117.301132,32.2030212,-1.53140296,0.276648474,1.78356677,130.740239,149.896373,151.72463,1.83878423,4.52915149
170,62,-53.868703,0.0578785694,11.7750618,-138.327298,37.4605306,-1.56466118,0.265838541,1.69948427,131.995253,149.935046,151.386639,1.7865105,4.46810778
171,62,-59.9077956,0.381108858,16.2415165,-152.837146,19.4898585,-0.863702397,0.0748292978,1.92164583,133.188343,149.797087,151.921646,1.83500478,4.39582935
172,62,-52.978638,0.0692181871,15.1629427,-159.840735,35.6730521,-1.37354044,0.0671606476,2.11416035,134.056016,149.734768,152.11416,1.86662763,4.5644084
173,62,-48.6336008,-1.08770275,17.7121156,-159.62994,29.3907102,-1.40449583,-0.0537563401,2.20716324,134.896844,149.820406,152.207163,1.89705128,4.6013732
174,62,-33.2884909,-0.335234539,15.6572977,-153.049694,26.0658312,-1.29287843,-0.0608869278,1.91249267,135.740388,149.722765,151.912493,1.90133335,4.41336676
175,62,-29.9832764,-0.204776595,16.1297539,-141.148598,21.5334047,-1.12801967,0.0878865681,1.59515704,136.572386,149.91261,151.595157,1.92119179,4.71863651
176,62,-30.5702468,0.0585184728,23.5113359,-125.434245,25.2609868,-1.37255607,0.0980949169,1.45717856,137.45336,149.902585,151.457179,1.92198988,4.86545879
177,62,-25.3137377,0.326690813,23.1817141,-108.030483,34.9293466,-1.58011597,0.0639898029,1.51749959,138.175903,149.850548,151.405746,1.84866096,4.86724577
178,62,-15.7529139,0.163953588,20.2090458,-90.6046382,28.5231069,-1.27041361,0.260348996,1.69866874,139.404071,150.04181,151.625864,1.89820331,4.85489953
179,62,-15.3959512,-0.00983143146,19.7512983,-73.3150491,36.9843194,-1.33576572,0.241567517,1.77538705,141.155733,149.983074,151.714459,1.89889313,4.96253193
180,62,-22.5168917,0.20506865,17.3723025,-56.6310692,32.1964853,-1.30480829,0.0498205197,1.67700101,142.336364,149.860157,151.613717,1.86538715,4.83865115
181,62,-27.9052306,0.39461053,17.801504,-44.5664314,36.302669,-1.27267474,0.0511091231,1.57925776,142.186345,149.874319,151.579116,1.8632429,4.63184009
182,62,-26.1140446,0.037408063,29.9876011,-51.8669556,32.9205844,-1.56479157,0.13022484,1.74839075,142.077496,149.845301,151.748391,1.8977469,4.6825464
183,62,-28.0429582,-0.672996682,18.3584554,-54.7635509,39.5768903,-1.49660536,0.209883587,1.89829344,142.914494,149.715101,151.776954,1.8810949,4.61738303
184,62,-35.5220008,-0.0494631412,37.8456935,-64.451785,41.902503,-1.34142282,0.234528689,2.22763638,143.659181,149.800969,152.158121,1.88649299,4.60462573
185,62,-38.2510281,0.0673171401,30.4564268,-66.8721297,38.7485573,-1.40972945,0.149446505,2.14062388,141.864218,149.76886,151.878939,1.88666508,4.36070903
186,62,-52.3643796,-0.713199864,15.21416,-70.218584,30.331895,-1.32319333,0.376993507,2.41587491,140.888493,149.682571,151.323682,1.95660496,4.55392947
187,62,-51.9911552,-2.39489717,8.13046101,-69.7874334,34.5570354,-1.23685389,0.467546644,2.33760676,138.813452,149.198629,151.185878,2.02325551,4.69009995
188,62,-49.8745492,-5.51004143,25.5249744,-84.8929932,39.4489145,-1.13021427,0.399628384,2.25222629,136.884853,148.684537,151.127525,2.0085647,4.36335822
189,62,-56.3710985,-3.9693221,11.2676548,-95.3440655,34.3164159,-1.54891779,0.30518765,2.11719915,134.981589,147.44986,151.117653,2.05643988,4.31630091
190,62,-58.3918356,-0.836193454,23.3807586,-97.9773116,34.1594747,-1.2374663,0.258932006,2.29539668,133.31181,147.157615,151.212062,2.0546082,4.23905596
191,62,-55.5154861,-0.769029893,17.0451204,-93.0783291,38.2095774,-0.967134976,0.164264764,2.05750824,131.555216,145.731461,151.25626,2.06404882,4.21023745
192,62,-55.7522175,-0.0801954864,17.124069,-85.2916429,31.9258322,-0.91868014,0.35610544,1.85748647,129.602279,144.13637,151.444034,2.01392297,4.23159771
193,62,-63.0136039,0.799599405,16.1366884,-75.8686914,36.5135576,-1.33402856,0.345778047,2.24581575,127.469274,142.170491,151.360111,1.99724737,4.3206699
194,62,-59.0533645,0.133927081,14.0102421,-62.5614086,30.0057756,-1.47047614,0.343221636,2.23332714,125.798254,140.163921,151.051495,2.03379089,4.25117784
195,62,-43.3748696,-0.585230197,11.8918461,-54.84888,15.2944589,-1.27944066,0.278790532,1.89901641,123.641446,138.240313,150.740647,2.00017982,4.18652073
196,62,-33.4339194,-0.667914609,9.15447701,-43.5220541,21.8840836,-1.44093123,0.324930208,2.02139218,121.673082,136.136796,150.671999,2.05330346,4.06379763
197,62,-26.5909059,-1.36182306,6.98847221,-37.6010435,15.949596,-1.22748301,0.293473538,1.91952236,119.370329,133.986413,150.788409,2.04050558,4.05328105
198,62,-23.1273846,-1.39462919,9.45677489,-48.384087,29.8887848,-1.3819384,0.311267157,1.7701534,117.397851,132.319655,150.609686,1.99182355,4.15525096
199,62,-14.6626393,-0.211802693,26.0432156,-71.1618452,37.8093235,-1.57649353,0.440523406,1.99055277,115.353671,130.463968,150.543532,1.94112632,4.31898587
200,62,-7.7847928,0.307096355,25.2440523,-88.2416275,38.4880872,-1.58651492,0.321528544,1.62572445,113.103765,128.768206,150.805464,1.935634,4.3205747
201,62,-6.61082144,0.820744033,27.2503225,-98.7928145,39.0660605,-1.26248932,0.343931727,1.43950338,110.841779,127.161053,150.600476,1.95931327,4.31795752
202,62,-15.6710162,1.17799332,30.0648597,-101.957552,35.7639757,-2.25922912,0.198937056,3.13427416,108.566056,125.482656,150.376832,1.96256099,4.27437948
203,62,-18.3722335,0.366837312,18.4737513,-98.8777883,33.6768549,-2.27080699,0.311195865,2.11812217,108.241109,124.142414,150.39821,1.93564555,4.21514777
204,62,-25.0830016,-0.204500868,29.9544504,-89.5284892,38.4893876,-2.31941649,0.143744749,1.89130255,107.692716,122.606054,150.645612,1.99285093,4.27411447
205,62,-22.0030737,-0.227620975,21.4853441,-75.987952,26.7491354,-2.51568586,0.057254507,3.36673393,107.484314,121.361929,150.54918,1.96784,4.34898693
206,62,-15.3429932,-0.350430729,28.0848115,-89.3558786,33.5482672,-2.00742001,-0.0240710491,2.19135732,107.99258,119.630268,150.066081,2.02768119,4.62706939
207,62,-34.5657481,-0.232664482,11.923126,-121.258865,29.8098401,-2.01382876,-0.11520076,2.03984725,107.986171,117.870925,150.291897,1.99041305,4.91695283
208,62,-36.0686311,-0.313677171,13.2122507,-147.708426,29.3033831,-2.73647453,-0.208492081,1.92827395,107.266106,116.288102,150.385203,2.02445138,4.80887512
209,62,-37.6201019,0.236871088,14.7432043,-167.913374,28.8921583,-2.81319396,-0.239660846,2.14761999,107.186806,115.099351,150.190951,2.05976919,4.80958936
210,62,-39.9416046,0.589545569,13.9358954,-180.768468,34.9396711,-2.10541727,-0.181352382,2.27766433,108.097833,113.373922,149.673641,2.05959344,4.69913791
211,62,-35.2617588,1.66326795,15.6412116,-185.984837,38.2781912,-2.75655434,0.0291897448,2.57240685,107.25092,112.11224,149.781453,2.04813359,4.65496245
212,62,-28.2269171,0.618661838,18.7014673,-184.015521,26.2243795,-2.47118393,-0.176447008,2.13083359,107.543003,111.075128,149.785162,2.04479843,4.73835759
213,62,-24.5156281,0.0390162932,9.11754791,-176.005723,28.2958814,-2.28515583,-0.18246939,1.73909029,107.714844,110.83468,149.839072,1.99111418,4.79897621
214,62,-14.3295317,0.0111281261,10.2698666,-163.91515,27.8143015,-2.15464068,-0.199787171,1.73705662,107.895932,110.494368,149.34542,1.96722318,4.77614992
215,62,-15.6303785,-0.304860313,11.110185,-150.47881,20.8969868,-2.39629092,-0.0422195451,1.5954898,107.603709,110.39393,148.506542,2.07527987,4.82816721
216,62,-10.7945154,0.394502383,10.0826875,-136.923579,16.7155139,-1.93675333,0.00995311853,1.72476098,108.121206,110.653085,147.409092,2.01295849,4.76959884
217,62,-5.35513869,0.805310729,26.6761571,-123.777698,41.3419614,-1.5694906,0.101937811,2.2253692,108.712314,110.729426,145.730272,2.01070046,4.78659894
218,62,-6.27636411,1.15183884,25.4076673,-110.792402,33.9265086,-1.36883544,0.193267243,2.13260013,108.657365,110.636835,144.119141,1.93085694,4.62509238
219,62,-4.26960718,0.842612583,15.7541787,-97.6437522,34.2750473,-1.87300314,-0.0197857555,1.64463408,108.276274,110.20191,142.452893,1.90612746,4.77341995
220,62,-11.7184399,0.498194439,10.4389949,-88.5581327,28.0658594,-2.63117697,-0.0322365008,1.42911691,107.510102,110.339901,141.191914,1.93652417,4.68924328
221,62,-13.7802675,0.26676423,9.42575016,-77.1374788,28.8980456,-2.51777284,0.0341518405,1.53339562,107.555904,110.330006,139.876653,2.03385717,4.62332392
222,62,-8.32120654,0.0534008082,21.8603271,-60.7859775,32.6251605,-1.69692779,-0.0741961157,2.18391838,108.303072,110.298144,138.617623,1.99768526,4.68237638
223,62,-11.472669,0.1954949,16.2480262,-55.4249065,32.0844584,-1.47523135,0.0617166577,2.03702829,108.524769,110.170285,136.824212,1.99698261,4.53366955
224,62,-23.8865081,0.11641069,7.65156671,-51.6385463,17.0223843,-1.76372231,-0.0646800057,1.82950533,108.236278,110.02575,135.250306,2.0828435,4.67394626
225,62,-21.6048481,0.279641318,24.0476276,-52.0655299,33.5953258,-1.96166264,-0.129794309,2.01727341,108.038337,110.155178,133.938872,1.99926128,4.46303903
226,62,-21.0829891,0.291114263,11.5849189,-72.4433038,35.5993037,-1.89185098,-0.128535091,2.01926094,108.108149,110.163531,133.102359,1.9347653,4.46636234
227,62,-17.3373261,0.252575874,6.5868762,-86.6825227,27.8812341,-2.49661791,-0.0852248933,1.88014811,107.847685,110.005385,132.235399,1.91806107,4.63404338
228,62,-15.9870792,0.372450777,30.9932361,-93.3841033,36.4853469,-2.72426341,-0.103294436,1.78216708,107.826715,110.053089,130.728476,2.01793187,4.88604547
229,62,-15.079422,0.741892061,31.6681262,-93.1686282,37.5988143,-2.45091678,0.0106126549,1.79474699,108.054827,110.224995,128.779612,1.99339154,4.99724058
230,62,-8.21038508,0.435154359,19.1643241,-86.0358099,31.6445831,-2.12865755,0.0789958379,1.36173716,108.082652,110.439089,127.421687,2.00509299,4.90107546
231,62,-12.3758802,0.307931532,14.4329965,-72.899349,36.8555314,-2.22791108,0.0317131016,1.07063342,107.893253,110.435003,126.373557,2.0310471,4.8279572
232,62,-20.7548466,0.214721479,10.0996171,-57.3494038,21.2383959,-2.11371168,-0.181275608,0.965915032,108.311848,110.504579,125.078404,2.0779589,4.67817856
233,62,-21.5071369,0.362232308,27.5010075,-41.1692196,35.7921741,-2.13844401,-0.020989164,1.17286256,108.315555,110.434165,123.898737,2.08280912,4.56219818
234,62,-17.3133059,0.175325543,9.89392735,-58.6040129,14.2754178,-2.03204404,-0.0466995897,1.28068566,108.174702,110.409871,122.414398,2.035431,4.74484609
235,62,-13.500879,0.0966597507,5.85526954,-72.0190488,29.9196508,-2.50965082,-0.147968171,1.82356738,108.73419,110.507665,120.935976,2.05760687,4.73335647
236,62,-12.6450371,0.26739076,15.4684831,-77.2565695,31.6589325,-2.58446105,-0.213513335,1.70560139,108.824903,110.969817,120.779547,2.06984562,4.68862833
237,62,-12.5525424,0.637551205,15.63427,-74.486241,36.1643091,-1.95371687,-0.112244645,1.4535772,108.43536,111.350502,119.073889,2.03518816,4.56421843
238,62,-12.617908,0.527000666,8.55932141,-65.821986,15.3104271,-1.91172934,-0.187324465,1.59956559,108.922762,111.933187,120.313187,2.05430466,4.64572643
239,62,-11.4787698,0.27366964,6.69759888,-53.4142416,8.94180041,-1.9969043,-0.155899533,1.62527843,109.113981,113.122836,121.722034,2.04842796,4.58244489
240,62,-9.40714545,0.276572614,7.78127847,-40.10921,29.45001,-1.96406616,-0.178646149,2.49175936,109.135998,112.7302,122.495691,2.06467333,4.55908364
241,62,-7.12624806,0.267872657,17.4242225,-43.5380456,37.3760263,-1.61535295,-0.176175088,1.69192149,108.63622,113.26004,122.992801,2.05724456,4.48822175
242,62,-13.7692884,0.483499019,27.8186599,-41.497429,35.3807667,-1.72774504,-0.142289147,1.59250219,108.503502,114.21981,123.564774,2.08290519,4.55023532
243,62,-6.94356265,0.473757783,14.4846565,-32.2507889,36.1255976,-1.5643621,-0.0231070226,1.48116902,108.938239,115.061372,123.902767,2.10804444,4.66484501
244,62,-13.0301409,0.416101112,24.8098633,-24.697425,34.2255534,-1.78993025,0.00687801769,1.73646978,108.931802,115.731174,125.133971,2.00851171,4.39047096
245,62,-6.46242432,0.545475646,8.50190586,-35.570354,15.5769678,-1.61769678,0.00087249746,1.72364839,109.145777,116.62114,125.963783,2.13442545,4.13404895
246,62,-11.4971684,0.309776858,4.98459981,-51.5327775,7.50317389,-1.87805279,-0.142073876,1.71976607,109.405945,117.385178,126.868049,2.1111212,4.14375888
247,62,-25.773201,0.411679901,5.60778795,-60.2739741,23.6014852,-1.92792787,-0.187855227,1.49233168,109.546846,117.879168,127.812645,2.12289329,4.22755547
248,62,-32.7219263,0.365577879,20.1392818,-65.2202629,36.8606167,-1.94305841,-0.328191707,1.761559,109.526213,118.052715,128.951881,2.08984855,4.1443939
249,62,-32.3523328,0.225914468,15.6534983,-71.08506,30.5625844,-1.5320982,-0.138135571,1.64621594,109.48734,118.982331,129.991211,2.08814226,4.18707402
250,62,-25.2052993,0.458006905,27.8739137,-69.7502499,31.4411885,-1.71428908,-0.120345024,1.70014896,109.45785,119.981617,130.078452,2.08937823,4.20736609
251,62,-28.5672198,0.687649728,23.5328004,-62.6187589,37.3058798,-1.53184526,-0.00617194979,2.01317921,109.440425,120.927619,131.46121,2.12546382,4.22655009
252,62,-33.2434458,0.220741751,15.9138138,-50.3032092,28.2303547,-1.56770483,-0.0515208409,2.36627769,109.295226,121.72376,131.562483,2.16987995,4.10571055
253,62,-29.6426807,0.100246544,16.4026238,-46.0264136,33.1118918,-1.62224965,0.103629183,2.40212069,109.341981,122.300578,130.89649,2.23704225,3.8999137
254,62,-27.0583962,-0.333931768,30.0050424,-48.547274,39.6233342,-1.17698548,0.114090216,2.25283178,109.429313,122.890335,130.613862,2.2274259,3.9990422
255,62,-29.8269726,-0.113321363,20.1809066,-42.7202073,37.5263541,-1.5646543,0.064156455,1.95000125,109.458265,123.502536,130.848792,2.29481162,4.11810876
256,62,-29.4350675,0.299058544,16.2436816,-38.2059543,41.0247238,-1.3942398,0.117478108,1.97129517,109.413389,124.365864,130.476245,2.26409576,4.15854805
257,62,-23.6129933,0.50754492,10.6789294,-52.4579307,36.4233433,-1.45416768,0.263003692,2.03369062,109.456267,124.927628,130.225046,2.19936705,4.12669358
258,62,-23.9804461,0.73723828,20.6938559,-72.4451,41.3179104,-1.41627819,0.139796509,1.81535312,109.497594,125.16192,129.977712,2.14975701,4.30021182
259,62,-23.0489326,1.26363603,12.6900594,-84.8265339,33.6773526,-1.05769587,0.176080058,1.65525956,109.536706,125.013732,130.112803,2.04530153,4.19723223
260,62,-25.467402,0.507691419,10.7740812,-89.5705591,19.5968728,-1.05030689,0.136551367,2.01981819,109.719171,125.292419,129.968362,2.00826335,4.17283348
261,62,-23.7265666,0.1004556,9.17047235,-86.7524797,19.4438703,-1.090974,0.215795816,1.86955616,109.71639,125.640112,129.993538,2.00115283,4.20221749
262,62,-37.0520858,0.0742295621,9.1487058,-76.3730333,32.5469125,-1.33114587,0.150805685,1.8878786,110.039399,125.926754,129.588381,2.04720217,4.1653123
263,62,-30.716857,-0.130447288,14.7514143,-62.7904474,39.630064,-1.36460081,0.136563371,1.73197419,110.331039,125.57862,129.413072,1.93310577,4.22900004
264,62,-16.3713438,0.0707486723,25.6107191,-72.1076883,36.422072,-1.43967494,0.119710343,1.80550171,110.074995,125.487291,129.723723,1.90823611,4.11836567
265,62,-22.1416727,0.683772113,23.8387158,-73.4973301,40.7930229,-1.87475865,0.140724725,2.01922031,109.841265,125.304203,130.577251,1.86538785,4.11804077
266,62,-17.3674977,0.298171183,10.0029378,-67.7594066,34.6864574,-2.07104502,0.223141159,1.72027494,109.974996,125.04884,130.67393,1.9142708,4.2854094
267,62,-32.6491516,0.0440174985,8.22057484,-63.1553182,17.4525884,-1.44682157,-0.0294585494,1.83638,109.69735,124.909699,130.199585,2.00182596,4.31079088
268,62,-39.8388709,0.00902975258,5.02735652,-70.1710203,35.9227214,-1.21763756,0.0407441882,1.69078402,110.218071,124.255558,129.794561,2.03902989,4.33009222
269,62,-40.5634937,0.300052265,21.7217128,-69.2583436,37.6323247,-1.53829976,0.111797778,1.52517465,110.737052,123.590339,129.544873,2.0468004,4.22968442
270,62,-33.3386429,0.101812303,8.36314685,-60.9931568,21.6673706,-1.53856771,0.140509501,1.90392753,111.225765,123.691122,129.215035,1.94581235,4.29443497
271,62,-21.7600154,-0.0488815846,7.52541576,-47.0403238,37.748645,-1.90860226,0.284696965,2.00772349,110.946424,123.706225,129.232444,1.96875863,4.26586225
272,62,-14.6944819,-0.0306822216,16.9707623,-31.0228873,29.2656005,-2.29211035,0.408862419,2.02733013,110.618064,123.286343,129.643985,1.9215581,4.25569105
273,62,-14.0793461,0.406579383,24.3784222,-30.3649244,41.3196738,-1.93050685,0.208103404,1.93676842,110.612794,123.15432,129.452069,1.96166023,4.4050474
274,62,-9.91589663,0.27545356,22.4242852,-33.1430483,27.7341139,-2.10743629,-0.106017281,1.86874019,110.421892,123.034102,130.389686,2.05306237,4.34076118
275,62,-12.8850438,0.0240926049,22.3343119,-37.5200597,28.3583669,-2.0151788,-0.0710509196,1.78739444,110.419011,123.441991,130.101853,2.13699777,4.24859524
276,62,-15.6278485,-0.129985878,23.1218313,-33.7882955,37.4586342,-1.95747882,-0.315585231,1.64028505,110.470494,123.763707,129.258534,2.13716491,4.20412688
277,62,-11.7779411,-0.0583677972,22.3066708,-27.3134892,35.2336061,-2.28860931,-0.272162859,1.49955146,111.098167,123.801364,128.809995,2.04990774,4.10387145
278,62,-8.95857414,0.170349556,15.3686135,-30.8741277,39.0597772,-1.77797494,-0.435423482,1.49272398,111.732732,124.344718,128.758748,2.02197839,4.14942412
279,62,-9.22647527,0.20505631,23.1463902,-26.0763645,37.1036015,-2.54351325,-0.175798031,1.49052088,112.385863,124.582525,130.107652,2.0191487,3.96830259
280,62,-14.0091932,0.222762819,12.3770553,-19.1332436,35.0632904,-2.80490636,-0.0503230972,1.553372,113.712576,124.071564,131.186544,2.05258631,3.82398295
281,62,-14.9928108,0.522423921,26.4547445,-21.1931712,36.4117536,-2.5576495,-0.0914402043,1.72957408,115.614903,124.356892,132.140019,2.08711509,4.02353589
282,62,-14.1196176,0.34542101,13.3687967,-22.1881698,38.2193717,-2.11783037,0.0283785368,1.76304421,116.860792,124.537779,133.189692,2.01883299,4.00377405
283,62,-12.6567654,0.290192483,13.0839104,-33.2269377,31.821948,-1.87742346,-0.0135675241,1.62269937,117.466145,124.766417,134.110883,1.99425242,4.0306601
284,62,-9.91500532,0.309016694,25.0669313,-38.0538495,40.3540297,-1.92669764,0.196838994,1.65104103,118.164726,124.838479,135.312606,1.86875105,4.08698319
285,62,-20.8291195,0.537840317,17.0659359,-36.4440345,37.3236217,-2.24111172,-0.0295082874,1.63163947,119.046473,125.128812,136.618829,1.89051689,3.98974201
286,62,-21.2944826,0.311954095,8.55823488,-45.5946579,25.2643899,-2.09751786,-0.0137583311,1.60137673,118.602903,126.387948,137.771705,1.87072904,4.00560063
287,62,-16.6578504,0.155695222,6.66129343,-53.5994264,34.4351888,-2.18847452,-0.103434014,1.55136065,117.819584,127.0293,138.934641,1.81921987,3.80634289
288,62,-21.1465442,0.357423712,21.5575846,-53.8421471,31.1965132,-2.16469664,0.0370005103,1.77656902,117.458559,127.041263,140.026821,1.87537668,3.96593712
289,62,-18.4958924,0.143538334,9.34520456,-46.3052644,18.8862762,-1.79145204,-0.0804305342,1.50432323,118.345974,127.206138,141.437978,1.88459567,4.21063195
290,62,-22.9371137,0.173869183,15.1642944,-38.5246474,21.7941908,-1.70031687,-0.1620454,1.64174575,118.672697,127.315058,142.913354,1.84402407,4.1755642
291,62,-15.2627955,0.239394075,16.931093,-35.7517006,27.3614047,-1.68770344,0.0413770858,1.82219828,119.599059,128.514448,144.14236,1.79919054,4.20587949
292,62,-26.0718158,0.54278727,12.2162436,-35.7317333,28.9190135,-1.89048345,-0.110516325,1.69178155,119.637353,129.127564,144.952065,1.81929874,4.41522568
293,62,-17.2019694,0.787113648,24.0651874,-41.6893587,30.1299062,-1.89865807,-0.0745170888,1.55023608,119.993318,130.320488,145.984885,1.85215392,4.39429024
294,62,-10.4560806,0.691244953,14.3059181,-48.4678383,28.4667188,-2.25324838,-0.0696143334,1.62785136,120.850512,131.083581,147.441387,1.81525882,4.3807482
295,62,-11.6104693,0.517811303,15.9504435,-47.7073777,37.9580051,-1.77319238,-0.142549117,1.74843999,121.401083,132.262496,149.535719,1.74867305,4.18796048
296,62,-16.48684,0.197096719,18.3818086,-39.9389812,33.3386342,-1.45744729,-0.000207780831,1.79876439,121.129884,133.26365,150.053707,1.7788243,4.20342032
297,62,-22.0626319,0.0993829775,16.8952024,-33.0816723,32.7149812,-1.54445423,-0.006942429,1.68770619,121.004804,134.141242,150.439465,1.78991212,4.23148605
298,62,-18.6399283,0.282547148,34.5888817,-53.4920202,38.2045809,-2.17587305,-0.0502910865,1.43981734,120.295454,135.374076,150.584001,1.77408737,4.27990214
299,62,-23.3241011,0.124763544,13.9921655,-68.4652223,21.2531891,-1.71171463,0.0905104012,1.81047655,119.863498,137.243716,151.463894,1.69230444,4.32055296
