index,seed,ok,mass_kg,inertia_scale,cl_alpha,cm_alpha,wind_speed_mps,wind_direction_rad,w20_mps,density_scale,sensor_scale,init_altitude_offset_m,init_airspeed_offset_mps,init_yaw_offset_rad,simulated_time_s,rms_cross_track_m,max_cross_track_m,rms_altitude_error_m,max_altitude_error_m,rms_airspeed_error_mps,max_bank_deg,max_alpha_deg,laps_completed,waypoints_reached,estimator_position_rmse_m,estimator_velocity_rmse_mps,estimator_attitude_rmse_deg,estimator_yaw_rmse_deg,final_gyro_bias_error_radps,final_accel_bias_error_mps2,min_cov_eigenvalue,wall_clock_s
0,1.48943824e+19,1,13.2454991,1.06682157,4.70813245,-1.33735237,2.88173575,2.70564878,13.749399,1.06473257,0.899884926,-9.32935952,2.23000634,-0.381836659,299.996,9.67237845,41.605145,1.0888878,3.37755196,0.823138225,40.1525238,11.7762806,2,12,1.71522154,0.417109548,2.06910303,1.86264988,0.00175785403,0.287671177,2.22283344e-06,2.59124858
1,1.45777758e+19,1,15.4702786,1.11193826,5.19873477,-1.03512077,6.20110442,0.442835366,11.7210578,1.02792771,1.35160064,-0.970386875,2.02578819,-0.283735653,299.996,15.4206282,66.2437243,0.979334828,3.61513753,0.837075134,40.7604568,14.4489556,2,12,2.21516718,0.361879735,2.277756,1.53202965,0.00140774194,0.197860226,2.22195295e-06,2.49053897
2,7.82295175e+18,1,14.115044,1.03448415,5.44362674,-1.15717424,5.76406565,-0.991007747,4.57208438,0.967292606,1.09818373,4.09552079,-0.843363539,-0.0232789331,299.996,11.2202096,42.9191306,1.08209842,4.49173355,0.853110967,39.6950021,12.9175956,2,12,1.40155182,0.191774188,1.28941452,0.729928548,0.00122153766,0.188629342,2.22189975e-06,2.53344443
3,1.01641172e+19,1,12.8192095,0.950521631,4.23806109,-1.08598999,8.62694231,-1.03143201,2.92353545,1.00773211,0.848261508,1.78594538,-1.93060264,0.215713109,299.996,14.7409821,59.1333663,0.672344069,3.62458891,0.68365818,39.8147551,11.9685107,2,11,0.923685309,0.130307864,0.954324756,0.829095716,0.00108498484,0.0289571749,2.22167245e-06,2.54555334
4,2.01920172e+17,1,15.3483795,1.03882514,5.86885156,-1.37623122,9.5169519,1.71023527,9.46756337,0.879866045,0.931763562,3.9257747,2.8355912,-0.145940567,299.996,28.2291203,109.963303,0.772541317,4.56890202,0.802018227,42.2251303,12.5119502,2,11,1.31797987,0.279044659,1.21474354,1.05868753,0.00117832105,0.181480102,2.22173889e-06,2.50418362
5,1.46839111e+19,1,14.642796,1.00010306,4.96036259,-1.36112711,1.52171933,1.8042067,8.4247431,1.08159943,0.697456713,-12.9428363,0.124199143,0.174052465,299.996,12.7605466,61.0217927,0.734641011,4.24507375,0.68808944,39.9077526,11.8945733,2,13,0.93464841,0.278690917,1.8105371,1.52466452,0.00170502743,0.129209638,2.22243796e-06,2.51549733
6,1.70688253e+19,1,13.0792478,0.997777655,4.93452517,-1.19306778,0,-1.15863203,5.38634287,1.09278773,1.03378711,3.48675831,2.15472871,0.125165217,299.996,9.75503438,41.5145592,0.745468302,3.43714352,0.697251952,39.3983134,9.84163656,2,12,1.59170906,0.176149062,0.778347951,0.648096236,0.00302413377,0.0230770742,2.22195903e-06,2.52118057
7,6.48046709e+18,1,13.9787413,0.908210935,4.38412437,-1.30267846,2.80643093,-1.98313668,5.80798395,1.04880882,1.54605845,0.286944583,0.199540668,0.322712957,299.996,14.1659992,58.5564165,1.85531779,5.77548185,0.700241925,41.5599255,12.5946966,2,13,2.76972132,0.253092147,1.9026877,1.29251891,0.00294839792,0.207304954,2.22282289e-06,2.58055369
8,4.29895717e+18,1,13.41162,1.03342094,5.0668482,-1.32097032,5.72992543,-2.95787732,5.23922495,0.954548103,1.06787517,8.89406329,-0.870025565,0.330372452,299.996,15.4358511,61.6123888,2.51223297,5.76927863,0.664803693,39.8601329,12.4467604,2,12,2.70467361,0.217219451,1.58746331,1.07098082,0.00320661881,0.131754547,2.22178125e-06,2.48399693
9,2.83302085e+18,1,12.3960492,1.06544879,3.88505774,-1.22368824,0,-2.03126575,7.46303664,0.990492368,1.53841469,0.504780369,0.348370005,-0.617283244,299.996,10.4999785,41.1621127,1.17422831,4.0777245,0.683604255,40.1684446,12.643895,2,13,1.94380324,0.250136073,1.39614241,1.15407026,0.00273913585,0.134983947,2.22253718e-06,2.50129041
10,1.41436937e+19,1,14.4167771,1.00156314,4.72921514,-1.19115208,7.8956674,-2.07741819,0.657228922,0.936082604,2.16145139,-7.07012626,0.513883121,-0.557008184,299.996,11.3773433,41.4553785,0.957074026,4.26441861,0.703400583,41.8328081,15.0416447,2,12,4.58564557,0.219821221,1.59281678,1.11397186,0.00353773245,0.191376443,2.22168553e-06,2.51634755
11,7.25418055e+18,1,13.7863486,1.02840934,5.80766575,-1.40164718,8.06891287,2.1642552,4.68353945,1.03677567,0.805452256,9.64829576,-1.71253452,0.0522624237,299.996,15.5575781,55.433988,0.918219439,3.90977156,0.617720347,40.1561626,9.6390699,2,12,1.05861666,0.163480792,1.08439006,0.849866715,0.00122471121,0.0787151344,2.22173024e-06,2.62058002
12,1.16842951e+19,1,15.0449241,1.03455746,5.38619306,-1.24825071,7.50479744,-0.0943077443,2.05592256,1.00778027,1.90547164,-13.6160503,0.496620874,0.481222527,299.996,14.6275854,59.1674952,2.31334526,6.35956012,0.631571273,41.1400664,12.2018933,2,11,2.81111085,0.217160867,1.85511878,1.15735593,0.00521467902,0.130580933,2.22169215e-06,2.49286759
13,5.580139e+18,1,13.5525814,1.04953504,3.9436027,-1.35577976,7.89606237,-0.759495053,11.0512373,0.990546474,1.65495528,21.0695979,-0.341325164,0.516172933,299.996,15.2257857,68.3136915,1.19994125,5.33415512,0.823629733,41.1568223,14.4162262,2,12,3.47876477,0.402540324,2.44348737,1.79011764,0.0032967275,0.275008904,2.22196699e-06,2.4926708
14,1.53837332e+19,1,13.9841673,1.03639119,5.32665988,-1.42489116,6.37315133,0.883332564,2.56355253,0.970938102,1.42779059,17.8718827,-2.29379417,-0.204110946,299.996,11.7269342,43.9878433,1.1982621,5.30094679,0.59070441,43.402002,11.068543,2,12,2.09306751,0.209505867,3.40473221,1.51751703,0.00590506788,0.307853446,2.22166819e-06,2.50774794
15,1.16548474e+19,1,13.5907229,1.02067294,4.87621767,-1.17245414,8.96502547,1.08408999,0.5,0.937844401,0.924742768,-18.1547038,-0.522512776,0.026119818,299.996,27.6344985,119.59457,0.673895736,3.95624469,0.634988226,37.6116593,12.0028509,2,11,1.0423286,0.107876083,1.43644857,0.917263377,0.00171143245,0.188170013,2.22159176e-06,2.52208344
16,4.50526388e+18,1,14.5609666,0.937116838,5.40553796,-1.44927667,10.8565052,0.750185916,0.787572273,0.986942242,0.763121443,5.21683355,-0.718481274,-0.00204692492,299.996,45.671476,186.153848,0.720502369,4.20008228,0.785594691,39.0794916,11.1598809,1,10,1.72948711,0.0826806315,0.766195008,0.481447466,0.000660812775,0.0624296301,2.22158001e-06,2.48587054
17,1.3645339e+19,1,14.3050028,0.927651953,4.26870976,-1.29174631,2.34276281,-2.99003799,11.7190719,1.03006566,1.42211011,-0.563708185,-1.20452298,0.295017573,299.996,10.3222999,43.1465314,1.2252076,5.68619173,0.809230643,40.7174424,13.0624274,2,12,4.01312915,0.408322126,2.52594144,2.06527747,0.00291371319,0.310014106,2.22248498e-06,2.489806
18,3.24878558e+18,1,11.8505673,0.968131512,5.24197532,-1.20480559,8.06357541,0.33772409,6.50663214,0.984381778,1.04484405,-11.2720746,1.43276624,-0.35140254,299.996,16.1583873,79.0389083,0.747662727,3.28439474,0.646210045,40.6229541,9.01468437,2,12,1.47517085,0.226495274,1.8851978,0.938702957,0.000753833147,0.263558834,2.22166682e-06,2.50028425
19,2.44536736e+18,1,13.0192581,1.02401383,4.4423489,-1.25252938,0.0488556263,0.271181936,4.12611774,1.01609895,0.987933449,-12.5717337,0.0332009143,-0.555591522,299.996,10.1469524,41.3576244,0.994899633,4.92961611,0.619805712,39.8032927,15.5306483,2,13,2.46857273,0.168467034,1.44879894,0.568580667,0.00232441199,0.178865417,2.22204091e-06,2.52161664
20,1.67309509e+19,1,13.0201568,0.952343573,5.3985653,-1.14000477,4.97597769,-0.694633643,6.68935007,1.05401908,1.24441912,-3.9061621,-0.678483316,0.385410816,299.996,12.2382809,48.9182239,0.842316784,4.64848858,0.702130606,40.2276664,11.9977666,2,12,1.28202658,0.236424569,1.31747626,0.90232673,0.0019107767,0.124236643,2.22197962e-06,2.49508075
21,5.39531741e+18,1,11.9143564,0.958195731,6.14799282,-1.35405017,0,0.847362321,11.6942206,1.01245552,1.63247252,-2.97593534,0.975069954,0.0324477661,299.996,11.7567406,41.4649137,1.02534645,3.59009061,0.834881411,40.3279309,7.75971289,2,13,2.3852301,0.372329771,2.33171435,1.74026406,0.00237510895,0.161352964,2.22268125e-06,2.50032001
22,1.76316369e+19,1,14.6320773,0.926939659,5.87552253,-1.43541743,2.02868489,2.61715526,1.4637768,1.01171726,1.25501796,-2.69897232,1.06300106,-0.281850955,299.996,9.80883257,41.2721754,1.35919807,4.06798476,0.754667817,39.4676991,9.82679226,2,12,1.97371821,0.139672138,1.27316984,0.58697702,0.0023640967,0.225118418,2.22185273e-06,2.51436054
23,1.80724492e+19,1,14.3843683,0.902709618,3.82698403,-1.33384314,2.32842627,1.47883259,6.35288165,1.05519386,1.58802283,4.77520851,-0.22863832,-0.166627724,299.996,15.7343991,66.9717791,0.783662288,4.13922427,0.760740347,40.2988566,13.3551479,2,13,4.61258479,0.253465793,1.35951094,1.15069564,0.00156231316,0.041693999,2.22236304e-06,2.52497494
24,3.88334526e+18,1,14.5542312,0.915078971,5.72858488,-1.29557481,6.07137193,0.259543406,16.7481913,0.935504095,0.892944389,1.7924666,-0.38329164,-0.216015779,299.996,13.8807845,59.0405409,1.17965054,5.59599598,1.01970651,41.655584,14.2895172,2,12,1.75468855,0.550314126,3.11154389,2.51860157,0.00141487588,0.217439489,2.22267045e-06,2.49294765
25,1.35936489e+19,1,13.6674943,0.989131386,6.58541072,-1.01500065,6.53662361,2.97541277,6.18846237,1.06124625,1.05144668,0.504162367,-0.178847719,-0.0202906014,299.996,12.9674151,49.5388065,0.685600743,4.65245848,0.633344746,40.0160817,8.84902472,2,12,2.97500705,0.210490206,1.6943995,1.24403235,0.000655780785,0.374042433,2.22188152e-06,2.50605283
26,1.72182545e+18,1,13.1309132,1.05869225,6.41149987,-1.22878703,3.15235621,0.806886548,11.0791294,1.08819489,0.659224284,1.78726496,2.24372364,0.448435612,299.996,13.8013145,57.2944941,0.797462356,4.58913904,0.697206964,42.2142444,8.56171528,2,12,1.5586584,0.364191641,2.02180419,1.73956908,0.00208069206,0.0927301068,2.22249851e-06,2.53124387
27,1.44711353e+19,1,13.0626163,1.04567592,4.16360355,-1.25891353,0,-2.75816038,8.66353289,1.06307756,0.843023675,-2.79587945,-2.21429494,-0.260912385,299.996,11.0630905,41.0696584,0.726513026,3.45859688,0.737887215,39.7055013,11.20207,2,13,1.79322166,0.293089971,1.29186547,0.92470937,0.00216384221,0.175284176,2.2224691e-06,2.55650921
28,8.40863721e+18,1,11.2623625,1.02760586,5.32385842,-1.21861676,10.1498667,-1.07684975,9.39190755,1.01703166,0.876039367,-0.984228727,1.36514412,0.135125666,299.996,27.1607046,145.09451,1.1546845,4.83585916,0.748300927,40.956525,8.73401684,2,11,1.59778895,0.326826901,2.38460155,1.57063435,0.00214260524,0.272091822,2.22192371e-06,2.48408354
29,1.50571943e+17,1,14.3722765,1.13153077,6.08118999,-1.23750286,9.07907838,2.83309305,9.26793789,1.01071179,1.21039896,-16.0218578,-1.42275855,0.310019795,299.996,16.5929413,71.3094686,0.651909085,3.29115481,0.799192354,40.1751732,10.964534,2,12,0.981623143,0.338800987,1.40010306,1.25271604,0.00224109903,0.103024158,2.22188654e-06,2.49957046
30,8.42731611e+18,1,14.7845782,0.930800102,6.66744616,-1.32532925,6.33557615,1.21871175,7.37203248,0.944362372,0.967776281,3.32722315,-0.76209441,0.0184669297,299.996,11.7658136,45.4847499,0.724777477,4.15710113,0.719618687,40.8646046,10.8106208,2,12,1.62978571,0.25878904,1.26191776,1.12581834,0.00115311531,0.160187404,2.22178648e-06,2.51815559
31,3.36242301e+17,1,14.0356148,1.08294458,5.023479,-1.50419622,4.8452084,-2.44330305,7.70659691,1.01709155,0.501253734,1.50494507,-0.185467689,-0.112536254,299.996,14.8454155,77.8816392,0.717867927,3.91266297,0.713130929,42.1208157,13.209372,2,12,1.01965344,0.221106618,1.94912004,1.63898909,0.00110364019,0.0939074213,2.2221139e-06,2.53980043
32,1.54487836e+19,1,13.507833,0.926914591,4.88036545,-1.24150564,8.08639706,-0.0991391015,11.5120146,0.975274985,1.06792484,4.36284146,2.37471449,0.16401727,299.996,16.0350916,75.4819351,1.08340058,3.71420241,0.754339403,40.4060778,11.0362154,2,12,3.49152128,0.325063841,2.2092178,1.43698496,0.00440711461,0.213082124,2.22180858e-06,2.49943639
33,1.83855714e+17,1,13.4678882,0.975365225,4.21676415,-1.03033349,7.03413396,-2.78621781,7.56143236,1.02708947,1.24406202,0.95104921,-1.93720111,-0.207999263,299.996,13.3880405,61.4934291,1.06194912,4.42793873,0.717358738,42.6093363,11.8983304,2,12,1.50788197,0.320554437,2.33066225,1.61775549,0.00166671021,0.322676638,2.22184794e-06,2.58574332
34,1.20127306e+19,1,13.8825626,1.03879691,4.37438196,-1.22029829,0,1.43885527,9.44147908,0.94599554,0.86689347,-0.61305677,-2.10282399,0.175937718,299.996,10.7147407,41.3830049,1.72503685,5.56761304,0.69540088,43.0964248,12.5836285,2,13,1.77450628,0.301165123,1.54284145,1.31378096,0.000953566814,0.0249540255,2.22278167e-06,2.57171955
35,1.35728626e+19,1,12.6585036,0.985678897,6.57798254,-1.19182043,0,-2.17543548,6.4069662,0.976077902,0.808231004,4.70374245,-1.98353023,0.308906867,299.996,10.6945143,41.0573297,0.665547907,3.56221097,0.623175211,38.3975092,8.98907825,2,13,1.98271735,0.221943408,1.86043161,1.2928186,0.00200935925,0.26474764,2.22240314e-06,2.54752886
36,2.02802772e+18,1,13.8550573,0.961939333,4.79145098,-1.28847426,10.61736,-1.99118954,6.93210574,1.0194272,0.996242287,-6.85085806,-1.48300108,0.36268079,299.996,11.5919172,49.1470012,0.74058689,3.8312881,0.730083056,42.2286706,12.2575765,2,11,1.171808,0.219960919,1.60737962,0.99619669,0.00193347877,0.269955991,2.22173957e-06,2.5405458
37,1.54797336e+19,1,15.3468775,0.917718993,4.60797815,-1.1269788,6.55972936,0.462219757,10.071322,1.02029204,1.38205994,4.82336907,-1.2029716,-0.0830906187,299.996,14.7234557,68.4124462,1.22943298,4.44117324,0.969322702,40.4854463,12.2691698,2,12,2.52363263,0.353864743,2.50078973,2.02629222,0.0012799298,0.0617684495,2.22192118e-06,2.52514922
38,4.19273307e+17,1,13.4334559,0.971386868,4.56841078,-1.21223709,5.54587371,0.265546521,7.34465581,0.889420955,1.47927076,1.86534814,1.15600365,0.366169855,299.996,14.8323936,63.7915027,1.01907381,5.32733455,0.794172938,40.8390841,13.9315343,2,12,1.50578115,0.268103777,1.76145804,1.24458541,0.00141176424,0.108218135,2.22186397e-06,2.5152902
39,4.96849645e+18,1,15.2062138,1.0304775,4.73518372,-1.36831373,4.2227925,2.58325547,5.47962153,1.01758578,0.939615217,4.59259085,3.81595075,-0.159670355,299.996,10.0567606,41.4662361,0.908087914,4.20012488,0.675995442,39.5973352,13.37917,2,12,1.65130262,0.198788199,1.13690399,0.824094281,0.000628537587,0.182462623,2.22197815e-06,2.55848917
40,6.67797398e+18,1,14.8361104,0.986376779,5.09514934,-1.32483292,0,1.40496638,4.73036574,1.00414627,1.10135692,-8.8799775,-0.571019839,1.05891251,299.996,9.91237042,41.4093312,1.03937426,3.56531075,0.677385851,39.9129834,12.1205362,2,13,3.16619703,0.190962312,1.07950917,0.605067737,0.00326966898,0.238646298,2.2221214e-06,2.52091457
41,2.65753904e+18,1,13.6068389,0.970986191,4.62571873,-1.11508246,3.99427491,-0.989917607,0.5,1.02812131,0.805860575,-12.8234322,-1.02613005,0.687468093,299.996,11.7553863,42.5829704,0.672090415,4.10073613,0.626297694,39.6057361,10.8059568,2,13,1.43299004,0.0758325913,0.550032546,0.388581451,0.00188807299,0.0266074079,2.22183656e-06,2.54358243
42,8.89045047e+17,1,16.2598947,1.05086331,4.38869078,-1.15036263,0,1.24237992,3.67852202,0.919964497,1.86733015,-9.91134992,1.97798397,0.218056207,299.996,11.1581312,40.9558485,1.63116499,5.22436523,0.74334754,40.3246298,15.0039654,2,13,1.9064407,0.214336997,1.44029111,0.896619127,0.00453475322,0.160159793,2.22222278e-06,2.50333524
43,1.52858243e+19,1,15.1033517,0.876562787,4.82635102,-1.4616376,5.10323682,1.88383942,2.39363404,0.99930385,0.946170006,-1.14796348,-0.331900418,-0.152832323,299.996,19.5118036,81.7585424,0.821344805,4.11945699,0.763948889,39.2937969,15.0643632,2,12,0.964647852,0.131150796,0.731191378,0.428642747,0.000780098831,0.119019769,2.22181361e-06,2.59493066
44,5.2115785e+18,1,9.55668668,1.0110775,4.98296056,-1.05337239,7.35294809,2.74214876,14.6694683,1.05239585,1.3993921,-22.8521127,-1.45548349,-0.484059964,299.996,16.6613008,78.3120828,1.1475524,5.51300654,0.858371211,39.4280308,7.67516506,2,12,2.46550439,0.463866042,2.74723766,2.16258244,0.00324133327,0.133830003,2.22260505e-06,2.51711779
45,1.18042307e+19,1,13.3345989,1.03583879,5.26426966,-1.01817681,5.56239258,0.544427035,4.05467496,0.98968224,0.874298761,4.77550994,-2.5375764,-0.74702763,299.996,16.0224387,77.6229355,0.93990063,4.53314694,0.633190919,39.2293934,11.5230817,2,12,1.12858175,0.164234738,1.47144086,0.766925064,0.00146900978,0.136482512,2.22178171e-06,2.50097852
46,3.21854957e+18,1,13.3221248,0.95427961,5.54851235,-1.48831338,11.6388564,-0.705658816,8.83310308,0.995026343,1.08629885,-10.701492,2.30151659,0.513917102,299.996,30.7911966,160.645407,0.8519605,2.82343607,0.858101683,38.3385323,10.8153879,1,10,2.18344775,0.295714572,2.01293654,1.6079047,0.00194050989,0.210569771,2.22179738e-06,2.4870881
47,1.61444285e+19,1,12.6797048,1.02109953,4.76214599,-1.54566814,5.70583957,-1.49328721,11.6951398,1.00495411,1.5791638,-11.0187414,1.35774796,-0.175337077,299.996,15.5738094,70.8153151,0.816340783,3.3847975,0.802731796,40.9458322,12.4775233,2,12,1.99943475,0.353771249,2.27652903,1.51571507,0.00337247679,0.374703068,2.22261492e-06,2.57806436
48,1.65649531e+19,1,13.3558049,0.92238895,4.83428489,-1.04859797,1.33628819,-0.0914352822,8.58712128,1.05611378,1.14152233,-18.1399636,0.0843302865,-0.15049666,299.996,13.8794707,48.6790787,1.27071413,5.21436074,1.03721737,39.0719166,10.0652344,2,13,2.61050095,0.255891411,1.37833107,1.20494191,0.00211410043,0.234888642,2.2222455e-06,2.5893012
49,1.04888945e+19,1,14.4277487,1.0071319,4.96748263,-1.09324968,3.758491,0.970727297,0.5,0.970693877,1.19729074,-0.153618234,-1.54154011,-0.173209546,299.996,15.9460704,71.004334,1.03813815,4.29423969,0.620694036,39.8759721,12.4075457,2,13,1.69813354,0.119070535,1.26472717,0.712791268,0.000374724034,0.118394645,2.22179848e-06,2.48239639
50,4.96994494e+18,1,12.9900725,0.964927072,4.88879873,-1.32860858,0,-1.20005925,7.26417734,1.03024105,0.988414825,0.0398945566,-0.857777682,0.0773336366,299.996,10.4366122,41.6187548,0.779145062,3.86036351,0.658795824,38.5952601,10.8660802,2,13,1.6141575,0.248498798,2.02631491,1.34846095,0.000749562613,0.223382068,2.22212961e-06,2.48918621
51,1.55491128e+19,0,14.66928,0.896223834,4.15411379,-1.07104013,6.7585856,0.923455028,11.6095265,1.01745409,0.85856384,1.42394185,-0.0258475599,0.00936086384,71.108,25.3063574,55.1309989,26.5309429,110.04168,2.23042079,41.4271334,39.2031739,0,3,1.06899526,0.540648683,1.48536684,1.35279428,0.00367733972,0.71189567,2.22781637e-06,0.595901711
52,1.41865031e+19,1,13.078199,0.951661675,5.03694158,-1.08972387,5.08647905,2.11749571,10.3548457,1.01872344,0.947561545,4.82923924,0.430618731,0.339036597,299.996,19.6872585,80.6408477,1.43995451,4.25354715,0.810780724,38.8943608,11.0011002,2,12,1.99763726,0.370294024,1.65974351,1.2133102,0.00173001385,0.178627682,2.22222309e-06,2.59109362
53,1.11504702e+19,1,13.4037598,1.02217419,5.07524307,-1.20224493,7.6214224,2.13050283,8.04682127,1.04303344,1.32412478,-17.2743594,1.32668195,0.479939866,299.996,21.7610671,94.1399853,1.04207028,4.01935629,0.737618097,39.98559,14.8452204,2,11,1.67470303,0.302248339,2.42869128,2.2676277,0.0020558154,0.10464808,2.22179964e-06,2.54373289
54,4.86762951e+18,1,12.6998722,1.12306506,6.05862776,-1.20599097,4.63729156,1.13039859,8.55060269,0.938202179,1.8161043,-5.59748639,-0.0431422055,0.757074863,299.996,11.5656778,43.9266025,0.885412503,3.83246976,0.694753452,40.4601722,8.78848945,2,13,3.77177237,0.340166143,2.32183513,1.75137331,0.00178353842,0.209093365,2.22201261e-06,2.4893882
55,9.35569334e+18,0,13.8447862,1.12409197,3.5700754,-1.08291814,6.08677488,0.716020541,2.51209589,0.978857963,1.03083743,2.6479362,-1.62358457,-0.100695935,77.164,16.5346189,49.621667,32.1471017,110.028447,2.45114538,40.9131589,30.0585725,0,3,0.528219404,0.192513986,1.17661541,0.540876778,0.00218136613,0.346024173,2.22513904e-06,0.668782739
56,1.17937703e+19,1,13.2386546,1.04070156,4.94739306,-1.22410581,5.72720413,1.60592725,8.60201541,0.925868855,1.01619196,-9.97750744,1.54450657,-0.212443994,299.996,17.0983743,87.3766354,0.769220695,4.4571713,0.66212324,40.9176442,13.8195687,2,12,2.56216167,0.259470981,1.75944975,1.49362707,0.00115717476,0.163858977,2.22233249e-06,2.51222953
57,1.74754134e+19,1,13.3290856,1.05228001,5.92464047,-1.27215058,0,-2.11601153,3.16949463,0.955573318,1.18612856,-10.384417,0.740541563,-0.0749770342,299.996,10.2023075,41.0502662,1.40193616,5.5710455,0.606591521,39.1302069,10.1428332,2,13,2.50820595,0.165353095,1.86466089,1.11572965,0.00114728247,0.204083982,2.22197919e-06,2.51579878
58,1.50605153e+19,1,12.3102619,1.00893509,5.07180188,-1.3090446,9.13655097,-2.91226538,1.47377454,1.10982905,0.832700468,13.4391426,-0.402060634,0.0372159219,299.996,16.3507648,73.9215704,0.62347971,3.54770641,0.640008032,39.2091603,7.96134427,2,11,1.5232248,0.094789142,0.871554923,0.571147304,0.000867450294,0.143173368,2.22161605e-06,2.55855772
59,1.38808212e+19,1,11.1023217,0.99972962,4.74262043,-1.17336011,6.02253675,-0.574600355,8.8002726,0.975464342,0.900869177,-1.78298123,1.45178335,-0.0195516871,299.996,13.0195791,44.7380687,0.7601545,4.55155344,0.742653039,40.5530132,9.57118685,2,12,1.60504924,0.26649348,2.09456271,1.472678,0.0023875668,0.156693116,2.22178325e-06,2.49170552
60,1.72271435e+19,1,14.2735069,0.863170205,5.95161138,-1.27138297,3.41725651,-2.50932378,10.927046,1.02026713,1.0532551,-7.59351552,0.361545886,-0.400884523,299.996,17.2765583,89.6132201,0.945768479,3.98538905,0.767953728,39.8144787,10.432618,2,12,2.15672805,0.335968962,1.33284519,1.12049341,0.00151105081,0.101000066,2.22214617e-06,2.498274
61,3.96459404e+17,1,13.6610834,0.902653236,4.71806616,-1.248138,5.69439518,-2.52616419,8.43973118,0.974044628,0.500635238,1.56470758,2.04277143,-0.35106156,299.996,11.5408747,54.575335,0.665988929,3.91757916,0.734885133,41.7314481,11.4086746,2,12,0.769145129,0.273765066,1.49126957,1.28840309,0.000748688365,0.0971036316,2.22193594e-06,2.54596802
62,3.57688729e+18,1,11.7074846,1.01359818,4.87826681,-1.08218743,9.08366852,-1.04670415,10.2647336,0.951948673,0.891623661,-13.1070661,-1.25949398,0.0935171284,299.996,16.5571834,76.6614674,0.961924593,4.65934891,0.843239441,39.0323692,10.9130394,2,11,1.58225336,0.331654917,2.05606033,1.57055985,0.00182650837,0.275146093,2.22197486e-06,2.49436216
63,3.93044525e+18,1,13.1726616,1.15714095,4.94831162,-1.20215962,5.48797688,1.71042423,12.1335125,0.991936495,1.1365812,18.4685439,-2.79029823,0.153115229,299.996,15.23179,75.1811103,1.04626568,5.24836895,0.969232208,41.8068909,11.8245022,2,11,1.59022686,0.426513482,2.50523216,1.82523245,0.00308507562,0.509637833,2.22233666e-06,2.50510012
64,1.35052712e+19,1,13.8760988,1.00404237,5.85822258,-1.41591754,3.66196815,0.523034748,4.35778479,0.924330505,1.31688033,-7.25701223,-1.49394149,-0.24120014,299.996,14.5124458,66.4030142,0.858496146,3.45401307,0.676958137,40.2246145,11.0496075,2,12,1.86219885,0.172086664,1.62205078,1.10011768,0.00235540224,0.240959944,2.22182187e-06,2.48846742
65,1.14503761e+19,1,11.3581966,0.931219852,4.08403977,-1.05645054,2.66283638,2.86048235,8.23770822,1.06153396,1.11561183,-13.2711246,0.0893435837,-0.592316726,299.996,10.7142934,41.7439859,1.5758157,4.17378712,0.724891777,41.5316921,10.3945812,2,12,1.98929333,0.290476406,2.20606684,1.368604,0.00277293678,0.156654007,2.22208997e-06,2.51868505
66,3.74892517e+17,1,14.4473591,0.946841164,5.20611924,-1.05488802,0,-1.88554674,8.49316696,1.00730364,1.07825764,-11.3737059,-2.01127258,0.537467413,299.996,10.7964984,41.3698077,1.24099317,3.8897372,0.739460059,40.1688679,12.1590643,2,13,1.82978502,0.319200997,1.56236677,1.25311232,0.00153606111,0.07736315,2.22236065e-06,2.49541411
67,1.65258154e+19,1,16.4140154,1.11777847,4.8557919,-1.24898317,2.34497381,0.97350357,5.83776935,0.937793849,1.18317364,5.81212565,-1.91308054,-0.831217464,299.996,15.2021961,70.5806875,0.897069381,3.29757791,0.748126207,40.4722197,15.4544198,2,13,2.54477575,0.200608711,1.48555055,0.972083585,0.0033590096,0.281626223,2.22219731e-06,2.50329774
68,1.63483512e+18,1,13.3158401,0.916645449,4.50685439,-1.31156849,0.491505602,0.312683587,1.97255684,1.07246414,0.96581324,2.05901913,1.58667289,0.157617604,299.996,10.7448389,41.2883488,1.02526709,5.06782517,0.600767176,41.1122062,10.8059801,2,13,1.59371192,0.111887218,1.17901827,0.662246516,0.0017249727,0.119312257,2.2224277e-06,2.5148381
69,2.0361018e+17,1,12.677022,0.907140756,4.34984888,-1.3235357,7.17416865,-1.92080397,5.34092056,0.97630393,0.564261513,-1.65430704,0.129865276,-0.047449763,299.996,11.0646291,42.2497934,0.739246255,4.24217859,0.66947385,40.2329556,15.1261157,2,12,1.46741643,0.172829709,1.33193188,1.00362702,0.00197261291,0.120537579,2.22172894e-06,2.56372295
70,1.63172591e+19,1,12.5336137,1.08313345,4.07220886,-1.08629259,5.80060704,-2.09240506,6.89631207,0.910510953,0.801809579,2.86954085,2.26290511,0.319570814,299.996,16.228835,86.3879453,1.48362925,4.58634297,0.70874892,39.9275385,14.7065996,2,12,1.75687145,0.240821076,1.39662289,1.22755736,0.000391155354,0.112297846,2.22189631e-06,2.52973052
71,7.77708152e+18,1,13.917197,0.75516646,4.78483847,-1.24996722,3.98226607,-1.87673566,8.79771201,1.04045599,0.952005534,9.28683636,-2.17750307,0.138364423,299.996,12.573078,56.2188431,0.817411253,3.59008513,0.956674612,38.5070329,11.6158686,2,13,2.47977485,0.293859512,1.45191311,1.13966914,0.000660987524,0.0700583417,2.22203884e-06,2.51669299
72,1.74660239e+19,0,15.2208429,1.08272132,4.3119357,-1.26348101,1.45342477,-1.61534729,8.69256209,1.02352646,1.52411701,-10.5509989,0.328805432,0.117192949,82.384,11.3102412,41.5905475,29.8111194,110.018514,2.80723455,39.9239091,32.3357372,0,3,1.95181433,0.284699505,1.44240295,0.952360165,0.0011533097,0.129840716,2.22380061e-06,0.682529547
73,6.6114572e+17,1,12.2408114,1.03442274,5.98915478,-0.943913046,7.11970041,2.31022387,2.86964403,1.00025443,0.792900993,-5.33548808,-1.03723646,0.539889433,299.996,12.5265596,48.1063924,1.38397825,3.81355245,0.587914258,39.8743918,8.65921742,2,12,1.57818454,0.120299973,1.46315337,0.905531132,0.00114524151,0.240303621,2.22170263e-06,2.62725383
74,1.27752696e+19,1,13.27137,1.11286414,5.60574095,-1.30738289,5.16801709,-1.68069067,8.56528286,0.953241946,0.536638999,5.12549421,0.705888373,0.177727575,299.996,15.9173968,81.7672764,0.649365708,4.09731403,0.674645602,40.6310959,11.8716651,2,12,0.652400478,0.270205406,1.32309813,1.06073245,0.00074709398,0.103415495,2.22251625e-06,2.51139771
75,1.31699224e+19,1,14.1387955,1.01610501,4.93158328,-0.817150084,2.32049279,-1.4620654,8.85565236,0.926234566,0.862308013,-3.00003698,1.73556943,0.349395849,299.996,11.4911902,41.5281368,1.14320426,4.25063643,0.68898857,43.1922511,13.0594937,2,13,2.64256326,0.239405669,1.84689699,1.1154461,0.0015298466,0.117483314,2.22243932e-06,2.54149764
76,8.45471148e+18,1,13.199998,0.821739134,5.51448423,-1.23108834,5.64644722,-0.0694325855,7.02059607,0.957735175,0.871323495,-9.92285983,-1.74561221,-0.0494499089,299.996,15.0951902,65.8489013,0.760186037,4.284374,0.646617527,43.4464238,12.1411196,2,12,1.61221465,0.224797908,1.99058111,1.27492714,0.00152331881,0.32649708,2.22185763e-06,2.53004216
77,1.74417414e+19,1,13.2235188,1.02501398,5.24720177,-1.06940738,0,2.08798055,9.19682726,0.933692114,1.05768302,-20.1520468,-0.260488168,0.347161981,299.996,12.0295409,44.2951104,0.998266743,5.29578257,0.737462553,38.8505976,10.6987742,2,13,2.05966184,0.271722264,1.82650832,1.07676972,0.00191933996,0.158055745,2.22294328e-06,2.49879895
78,6.60994804e+18,1,14.7535657,0.998316347,4.65613273,-1.07781459,6.24750394,0.253150186,6.78291254,0.994923585,0.829451788,13.7461672,0.0328878434,-0.20098523,299.996,15.3535842,72.6821156,1.11862977,3.33215738,0.721441443,39.7992971,12.8583584,2,12,1.45764784,0.234226682,1.91933409,1.43853638,0.00178763331,0.0766993897,2.22167529e-06,2.57397272
79,4.28894773e+18,1,13.8207984,0.966016945,4.48409731,-1.16904338,6.94858527,-1.25551707,6.07268703,1.01086267,1.23188696,-6.29140431,1.02062708,0.709272831,299.996,14.7827329,75.1033928,1.31296955,3.7298204,0.719361646,40.7001171,12.3704538,2,12,3.43273671,0.20782443,1.24733763,1.08618458,0.00174702283,0.0504044634,2.22194143e-06,2.4898147
80,2.17406397e+18,1,14.387956,0.943827585,5.03206816,-0.99090646,4.62700547,1.54622484,10.1842327,0.982517057,0.958978903,7.98720468,0.765716358,0.313660802,299.996,14.2082812,71.2823198,1.28029183,4.7213131,0.772646384,41.6337446,13.4352549,2,12,1.67074025,0.299909385,1.79485695,1.57335999,0.000796294963,0.146797117,2.22217771e-06,2.52195503
81,1.49037109e+19,1,13.9519389,0.949559419,4.59878125,-0.876394358,3.44432961,0.923620741,9.48648845,0.940719242,0.904937192,6.52691854,-1.91566846,-0.799230673,299.996,15.8991081,68.0225616,0.803889692,3.56814489,0.727188181,42.0399242,13.9511441,2,12,1.01556312,0.307692608,1.87640618,1.61945577,0.00393467759,0.196722034,2.2220602e-06,2.48915848
82,6.05739697e+18,1,12.7184585,0.972714364,4.98144186,-1.07059365,2.59445191,2.46894646,1.51077619,0.988105012,1.055185,-0.84632574,-1.13196149,0.0361953099,299.996,10.0142744,41.2719388,1.00934583,4.62027017,0.600284926,39.7458099,10.2428691,2,13,2.51090312,0.106235691,1.04200188,0.55138213,0.000873894715,0.111474676,2.2217571e-06,2.5828286
83,1.62790953e+19,1,11.9302084,0.942433681,5.70434175,-1.16419523,1.68432152,-2.71694809,2.67870594,1.10331254,1.08130405,18.3613222,-1.67592173,-0.634126572,299.996,10.3376308,41.617546,0.822736902,4.2907591,0.646868378,37.3141094,8.19677499,2,12,2.3206056,0.141104323,2.14481215,0.801118281,0.00242169287,0.240937799,2.22190467e-06,2.49101167
84,9.85833885e+18,1,12.477366,0.930281766,5.40522568,-1.03968566,6.68395659,0.433784646,7.10666332,1.04499622,1.28592968,15.1176235,1.17036794,0.0687836878,299.996,15.2206432,79.1103586,1.10603014,4.77333349,0.620302275,39.9295541,8.75224797,2,12,2.58234587,0.256587211,1.89735665,1.45719949,0.00379507237,0.145780334,2.22172918e-06,2.54055451
85,8.384056e+18,1,12.6032044,1.06054774,5.39004992,-1.37951014,3.06399334,2.1532386,8.65072741,0.942265893,1.25208898,2.51462122,2.18806713,0.190991171,299.996,11.1342075,46.7262762,0.790527343,4.54329602,0.879247751,40.2415558,11.2772468,2,12,1.64875146,0.325460833,2.31088908,1.4943099,0.004544197,0.133066533,2.22226833e-06,2.48561401
86,1.65260966e+19,0,13.3268128,0.943221818,4.57284684,-1.04363297,5.08983648,2.98044861,8.45865484,0.923415047,1.55074421,-16.6761484,1.42070995,0.254487244,23.272,1.17303891,1.96299567,138.251258,145.970214,1.78847454,28.0047468,32.2391109,0,0,0.899888853,0.396863566,1.50336974,0.958809506,0.00547845507,0.397556923,2.25386046e-06,0.191660421
87,1.47083848e+19,1,13.6595624,0.947058647,4.15349065,-1.07491306,6.22777613,3.10587861,11.034398,1.07240616,1.22200611,-6.60803163,-2.43742765,-1.08524906,299.996,14.0044154,61.3367986,0.958154252,4.33434534,1.11908817,43.5164991,12.8205478,2,12,1.53159742,0.402703819,2.04192193,1.60802505,0.00227801924,0.338579453,2.22207169e-06,2.55837216
88,3.20751939e+18,1,14.7756717,0.885142849,5.45438672,-1.32015696,7.27991029,2.72257766,12.3198174,1.04395713,1.94559656,9.29591095,-0.274044388,-0.126964948,299.996,15.52904,64.0315479,4.71969691,8.30033903,0.782941435,40.541923,10.2461992,2,12,6.35029769,0.416758366,1.81291478,1.4641177,0.00310609383,0.0733665127,2.22221578e-06,2.49681267
89,6.42127438e+18,1,12.5360529,0.97544737,5.58836176,-1.32235088,9.55586592,-1.07853248,4.17276012,0.993346272,1.37859684,-7.0644328,-1.24281458,0.517823606,299.996,26.5885382,130.550269,1.01818522,4.38472677,0.78011456,40.2308521,8.92847979,2,11,2.15245865,0.183948781,2.32994066,1.16739865,0.00403816916,0.084007399,2.22171757e-06,2.51076672
90,1.51614149e+19,1,15.2027852,0.9266348,4.84650428,-1.43452307,4.44240092,-1.95056925,19.3568795,1.01374854,0.802718402,17.7252336,0.792139259,0.0444632528,299.996,17.9459172,70.4698995,1.18649593,5.7390805,1.0457867,41.0137844,16.0679615,2,13,0.916956471,0.577436609,2.44565435,2.23739201,0.00226794124,0.188359334,2.22318659e-06,2.50470905
91,7.16409357e+18,1,13.0901271,0.982128402,4.74299135,-1.16907114,0.892631981,-2.34471183,11.5191494,0.919820038,1.3099678,1.17916219,0.345433206,0.572001811,299.996,11.8528447,42.3348397,1.33043712,5.53194908,0.885020427,41.0913012,14.3002142,2,13,3.61157234,0.37061623,2.07978156,1.30733339,0.0014446142,0.223706222,2.2231013e-06,2.59532044
92,1.42934388e+19,1,14.6056319,1.14143629,4.24939252,-1.41013257,1.59163298,-1.24620846,9.30735843,1.02132466,1.04567116,-16.8555568,-2.12462294,-0.413967511,299.996,15.9487074,51.3883695,0.883018542,4.57446815,0.998728228,42.5540694,13.4337296,2,13,1.61129478,0.343347348,1.96024403,1.3819402,0.00229570856,0.172326348,2.22251831e-06,2.51862225
93,1.2837753e+19,0,13.913082,1.09925481,4.26509193,-1.17230922,7.14670519,2.09669795,4.17057454,1.00252303,1.30991979,-21.8613784,0.8736835,-0.204782971,224.248,19.3661228,67.3059432,13.7254564,110.005692,1.40298308,40.949887,30.9292372,1,9,1.74275288,0.17813047,1.16257347,0.896106514,0.00129467486,0.178773334,2.22186668e-06,1.87206719
94,6.59923318e+18,1,13.8978477,0.96663491,4.17684387,-1.25664872,3.45088378,1.29527145,0.59259905,1.00987357,1.03906482,-1.67964488,0.135912859,0.345276417,299.996,14.7091596,64.6130507,0.846421118,4.39224939,0.699293362,38.4830356,13.8790182,2,12,2.34516771,0.123565116,1.07230689,0.625836138,0.00109971522,0.0648428071,2.22185594e-06,2.51805601
95,2.26896571e+18,1,11.5381821,0.967987978,4.13942524,-0.977255437,7.55945738,-1.63073794,1.14505879,1.10790015,1.6896644,11.8047149,-4.47063909,-0.390248928,299.996,17.90846,81.5288852,0.917716218,5.05193104,0.663427883,38.5189684,12.1851733,2,12,2.63800718,0.166766362,0.919392073,0.737447633,0.00214627648,0.13516094,2.22169131e-06,2.58484577
96,1.67959772e+19,1,12.6213137,0.944559364,4.86973014,-1.18024462,4.79123794,-1.02834039,6.05794127,1.00040186,0.863893704,-8.53711433,2.94332253,0.0370237039,299.996,10.8580003,44.1888746,0.794875865,3.89003392,0.654141983,40.9535666,10.1689688,2,12,1.04995237,0.195623628,1.68188683,1.30283332,0.00261293516,0.127424433,2.22189037e-06,2.51005916
97,8.92532226e+18,1,15.0896755,1.11291915,5.05857455,-1.24221735,4.08952459,-0.919661052,11.3742558,0.995328735,0.916521447,-33.4357953,-2.45193621,-0.279868643,299.996,11.9401201,41.4225837,1.15079112,4.08748937,0.843329461,39.4463978,11.8598859,2,13,2.13845144,0.337804735,2.36158674,1.51110462,0.00140454371,0.280214324,2.22230504e-06,2.49158018
98,7.67484409e+18,1,13.9380346,0.974039325,4.5139081,-1.54482954,5.18922992,1.36761551,5.46046284,1.03309085,1.17853502,14.506648,-1.47662664,-0.114209655,299.996,14.867689,75.0735476,1.71391978,4.71172952,0.821822589,40.1940978,12.1265799,2,13,2.74218385,0.226207405,1.92618668,1.24292928,0.00146877324,0.280952265,2.22214e-06,2.49713888
99,8.75059319e+18,1,14.0122063,1.03177876,5.09344108,-1.02047168,9.26622523,1.5295802,11.9064352,1.01982362,0.651360666,-5.04891513,3.5802585,-0.112381057,299.996,21.7432762,87.942871,0.923013421,4.6617333,0.865706104,39.6817214,12.5121418,2,12,0.843401542,0.365088816,1.6455241,1.25941927,0.00121274152,0.10335242,2.22192469e-06,2.53885653
100,1.99972435e+18,1,13.6343539,0.926667217,4.20709447,-1.01459786,6.4533662,0.497823491,5.16983787,0.939212579,0.872397995,-1.3184215,-1.12800987,0.289207875,299.996,12.6373402,56.81143,0.824317154,3.50940109,0.647250562,42.0159288,15.7056598,2,12,1.64814172,0.195362174,1.73487068,1.06850188,0.000862895857,0.0920135498,2.2217652e-06,2.58488684
101,3.27275184e+18,1,12.4230704,0.940894,5.47617809,-1.21041726,7.35624773,2.84297956,5.97888949,0.958730637,1.13124927,11.817986,3.72258265,0.17950545,299.996,10.1671454,41.5839735,1.16571931,5.35288768,0.629294497,41.9149242,9.9557786,2,12,2.01638075,0.223638586,1.85831121,1.24639947,0.00292422961,0.060781184,2.22183357e-06,2.51505112
102,8.65678033e+18,1,12.944293,0.967834026,4.36922939,-0.928295102,4.14165078,-2.80502059,5.92254247,1.09000589,0.97973951,11.9675743,0.803099461,-0.357131015,299.996,15.8039128,68.9279,0.869831116,3.69673428,0.659222064,40.5823486,11.2870655,2,12,1.19560146,0.201410982,0.951854895,0.747991101,0.000416602487,0.103802157,2.22185319e-06,2.5051516
103,1.32676413e+19,1,12.5528805,0.858590998,5.57847724,-1.06652632,1.15796285,-1.44668838,7.51591106,1.00245569,0.89149834,-4.3744817,0.886606728,-0.172366247,299.996,10.4003964,41.4652707,1.05919709,4.22585786,0.679085865,39.7237068,12.2161348,2,13,1.82340452,0.258323914,1.62109226,1.34886141,0.00254056565,0.0731304596,2.22226061e-06,2.54077789
104,1.10149096e+19,1,13.5103604,0.942620579,4.30615949,-1.37808318,9.86476904,-1.76050902,8.18698314,0.948733494,0.863701251,0.0891771877,-0.546276441,0.135778368,299.996,15.4921995,73.5505808,0.968912094,3.2261406,0.765180558,39.7670006,13.544783,2,11,1.47128534,0.28923738,2.76475917,2.32774375,0.00196162017,0.22914747,2.22183283e-06,2.55315777
105,4.02419989e+17,1,12.3379941,0.996613753,4.693284,-1.12522405,2.05983536,2.17761948,2.27043525,1.01270769,0.835042061,-3.60506072,-1.42283107,0.582376422,299.996,10.2390601,41.5590625,0.68665167,3.94026102,0.605314219,40.5815686,9.53250722,2,12,1.07545674,0.116021277,0.974524277,0.554290025,0.000876704828,0.0786170608,2.22187028e-06,2.51111491
106,1.12816035e+19,1,11.6738437,0.902213336,4.41377456,-1.47060107,4.37649293,0.0393599011,0.865597039,1.00961901,0.824212071,18.6116896,-0.12186175,0.108993864,299.996,16.7720042,66.4746845,0.907670424,4.48217853,0.65456808,38.893123,10.4886165,2,12,1.90610455,0.0853728841,0.630727525,0.437516828,0.000727514153,0.076359322,2.22172282e-06,2.4936772
107,2.95080218e+18,1,13.5757889,1.02157235,5.48729968,-1.13271819,4.23135344,-1.31524092,10.5131886,0.98932141,0.870219123,-7.41172494,0.982106647,0.0702589217,299.996,12.3400554,57.0315368,1.84373428,5.28291588,0.842516601,40.1521212,11.1544086,2,13,2.81825541,0.369838198,1.5998198,1.41542037,0.00316659964,0.167200122,2.22228553e-06,2.60651061
108,8.88008313e+18,1,13.8345924,1.13578681,5.13806643,-1.25139153,0,-2.63610631,2.44393782,1.02981548,1.00036778,0.766231011,-1.46587515,0.0962071027,299.996,11.5615254,40.4913857,0.817573017,3.48855871,0.706279791,41.6207661,9.81264958,2,13,1.75055527,0.131128416,1.21106915,0.70400654,0.00244942505,0.131217797,2.22242036e-06,2.52671559
109,2.96820971e+18,1,14.7415561,1.02531599,5.31148759,-1.29287823,3.18380343,2.1094043,9.23916517,0.911770381,0.845177445,-9.71969367,2.16388817,-0.050676573,299.996,12.4885041,58.3232323,0.971475736,4.02035597,0.729507842,43.108962,13.5775707,2,13,1.54840834,0.285777162,1.49925789,1.29528486,0.00420570483,0.148800281,2.2224423e-06,2.48636953
110,3.96852366e+18,1,11.6771126,1.05350763,5.17291224,-1.16365468,5.33130138,-2.60749547,7.08662574,0.968540239,1.00104113,7.83979555,-1.08462016,0.375176619,299.996,13.6746567,73.4409195,0.945595899,4.3403878,0.665908473,40.9097304,9.65096144,2,12,1.77337976,0.227992276,1.15123942,0.966836964,0.00134540328,0.0550792657,2.22179111e-06,2.48130078
111,1.0697855e+19,1,14.9952713,1.02252432,5.56234308,-1.27792139,7.40260657,1.44630102,7.88524498,0.964517771,0.772520577,-2.23265333,3.11626122,-0.00180340298,299.996,12.7100389,60.8490721,1.03445239,3.49290751,0.730973068,40.6219541,11.930293,2,12,1.73871733,0.248583846,1.80187577,1.58543679,0.000970031988,0.22888523,2.22203709e-06,2.54557382
112,8.34131011e+18,1,13.0604135,1.00708971,5.3403852,-1.07929859,0.878247008,3.0541677,8.24039613,1.05202072,0.895606442,-15.6493345,1.48762866,0.80457836,299.996,10.7957834,41.3802523,0.991444889,4.70991914,0.680232684,41.2853276,8.88626708,2,13,1.51668699,0.258418985,1.11934621,0.825466803,0.00260425222,0.1541524,2.22254073e-06,2.49726589
113,1.01984998e+19,1,14.4011748,0.919644856,4.43354702,-1.09951162,8.02035417,-2.00958042,0.5,0.911359595,1.00546794,-1.98556257,-2.55390184,0.0208558682,299.996,11.4748493,41.6026226,0.707265978,3.40223999,1.05062139,38.6676013,14.4989413,2,12,1.75939704,0.125542933,1.3703057,0.8539124,0.000925200197,0.0545773121,2.22162345e-06,2.48557279
114,6.80175186e+18,1,14.9391605,1.02021949,4.98911024,-1.17842793,2.68542134,-0.871649639,7.91169152,0.939760154,0.504791473,-5.27731113,-1.59053819,0.0839778638,299.996,12.1117963,40.9068909,0.792761685,3.98110222,0.704959721,41.3501322,15.4541434,2,13,0.584448197,0.24327398,1.24343506,1.11939977,0.00033458916,0.0708188505,2.22251984e-06,2.4929826
115,1.18354292e+19,1,13.4260259,0.949801519,5.65028022,-1.23962476,9.69925219,-1.25405381,3.50967102,0.979114188,0.723825884,-3.76556012,2.33126682,-0.637289635,299.996,26.8453701,126.986317,0.620266715,3.61218386,0.732490731,39.2601716,8.80543253,2,11,1.41197581,0.127502638,1.68569631,0.959341145,0.00324538092,0.0716114661,2.22164576e-06,2.55610565
116,2.79637582e+18,1,14.4673871,1.0857951,4.32204574,-1.27309639,4.67135532,1.18144416,5.42145028,1.06326307,1.29706806,-6.32878439,-2.12698698,-0.62453725,299.996,11.8789272,43.4077868,1.80329943,5.59646064,0.818090494,39.5851667,14.6299841,2,13,2.51827865,0.220884272,1.38960179,1.12464492,0.00122130459,0.0696071966,2.22183159e-06,2.59926885
117,1.50451148e+19,1,12.3639333,0.905024029,4.12613921,-1.40881571,10.1844841,2.32537961,10.1505677,1.03610871,1.95323339,-0.045975837,-2.64609749,-0.4184172,299.996,28.6127053,126.884933,0.831137052,4.30003069,0.696595765,43.1569996,11.4307665,2,11,3.30752336,0.415040434,3.25792612,2.26032174,0.00490639717,0.20865877,2.22204878e-06,2.48901659
118,9.9610219e+18,1,13.4496503,1.03156814,4.71770075,-1.32135965,6.70233541,2.25133175,4.16206011,1.1376114,1.69161535,13.8185035,-0.963928327,0.184323036,299.996,20.8659582,88.9945973,1.00193167,4.71387078,0.728326736,41.3144402,11.4022465,2,12,2.40382981,0.244344023,2.25429756,1.16968325,0.00179555494,0.409565515,2.2217994e-06,2.49632207
119,1.18995473e+19,1,11.4997012,0.958313546,5.27668013,-1.1979396,4.97107137,-0.641123132,7.60299091,1.02909446,0.86043766,-1.03181909,1.7736467,0.545382623,299.996,11.6620686,41.4740984,1.21942944,4.41286968,0.729848322,39.1276213,9.03907468,2,13,1.81569503,0.241997479,1.59269874,1.14439097,0.00182044745,0.102688627,2.22181548e-06,2.5152448
120,3.22950798e+18,1,14.0217903,1.00044725,4.93794188,-1.18857025,0,0.397217476,9.75056386,1.07017225,1.18285721,-2.06116195,-3.42518723,0.240497513,299.996,11.4818735,46.2780218,0.867292092,4.28422007,0.693728901,40.5969626,11.9239616,2,13,1.46091903,0.331545581,2.03182933,1.47990787,0.0030660442,0.179221859,2.22219847e-06,2.56269645
121,1.20838289e+19,1,12.3748962,0.959503673,4.41957025,-1.40797917,2.82626735,-1.17458368,10.7676172,0.968704617,0.872841994,-1.27951227,-1.41041618,0.203293769,299.996,14.259625,61.2685735,0.863186156,3.50512448,0.838643278,42.0116451,14.2292709,2,13,2.58822597,0.354202749,1.62551693,1.27720432,0.00197136053,0.0654100682,2.22229893e-06,2.49889038
122,4.6888889e+18,1,13.3830872,0.978928,5.99123517,-0.925447351,7.89606744,-2.53556815,4.21999432,1.05155122,0.628121208,-2.53734055,-0.296032406,0.0867594225,299.996,11.6738269,51.9909044,0.668078507,3.71746069,0.631290489,39.0257839,8.87509101,2,12,0.733760135,0.14965899,1.09844306,0.545642034,0.00122294328,0.181915042,2.2216984e-06,2.50607713
123,1.43869508e+19,1,15.7591051,1.11244054,4.81307132,-1.19199333,5.80540712,-2.12636525,7.6509727,1.02017927,0.85594768,7.61257497,-1.7280045,0.0507589096,299.996,15.0316971,74.1850412,0.921639494,4.44633348,0.780826665,42.0257541,14.4232909,2,12,1.44871625,0.259154246,1.26487074,1.08892586,0.00240322668,0.153715002,2.22207312e-06,2.53491748
124,1.42872791e+19,1,14.9357427,0.93751097,4.87630673,-1.17790942,3.93288132,0.732452666,6.65923743,1.02535166,0.625346292,-10.2461106,-1.80941078,0.197379955,299.996,14.0522864,66.8277219,0.987797248,4.54452953,0.704054535,40.049399,13.3648723,2,12,1.20277542,0.238406585,0.966238025,0.838204055,0.00165372124,0.100574221,2.22193519e-06,2.50937778
125,1.16250102e+19,1,13.4741586,0.959984895,4.95150648,-1.09767214,3.45661618,0.819787544,5.95437132,1.04038449,1.24993854,13.3699589,-3.02281763,-0.169408501,299.996,15.0340543,68.4919563,0.721723093,3.98783585,0.782671455,39.5446305,11.2761766,2,13,2.3276214,0.225522365,1.27278845,1.00091766,0.00296261351,0.0979556159,2.22203481e-06,2.49460068
126,7.15964957e+18,1,15.4559679,0.874898573,5.62672609,-1.02093149,9.39863798,-0.9309472,11.3240736,0.894294972,0.974983212,5.52681936,-0.894314566,-0.33735685,299.996,12.8461265,56.3877906,1.1134703,5.66124973,0.955838461,42.8631534,14.7942472,2,11,2.39328527,0.356746386,2.25549163,1.90643674,0.00250844388,0.076392305,2.22198872e-06,2.5084097
127,3.301288e+18,1,13.1726206,0.93019096,6.75190311,-0.88541986,4.21846315,1.81190047,4.240163,0.96515536,0.649160574,-5.51895344,-2.10361638,-0.334159896,299.996,17.497857,79.2185061,0.600380215,3.54875315,0.629149108,38.8363442,8.61316987,2,12,0.765427946,0.13428484,0.722246692,0.558964675,0.00076673073,0.0766338745,2.22193066e-06,2.52235315
128,1.04579275e+19,1,12.8509107,1.04059713,4.73706146,-1.43810123,9.67818302,-0.517484952,12.4340084,0.978472283,0.954400445,-0.464483232,1.33542186,0.114109909,299.996,15.7726891,71.1840647,1.68580731,6.03078925,0.883653775,39.5153136,13.9609739,2,12,2.04706886,0.409274098,2.86280827,2.47202448,0.000793147166,0.173942316,2.22198567e-06,2.49565329
129,1.62578341e+19,1,14.0381903,1.02959668,5.95767621,-1.08925328,1.65360187,-2.77056301,10.2110911,0.980563125,1.78338674,6.42022157,-0.421042663,-0.0549129924,299.996,12.9254754,51.1004994,0.928319376,5.26680202,0.715914713,41.1830974,11.4175057,2,13,2.74590241,0.34182429,2.3676598,1.79510599,0.00503590472,0.147937109,2.22317077e-06,2.51900273
130,1.07193655e+19,1,13.5051856,1.0062969,5.1733826,-1.36226149,1.91755093,0.633626518,6.8462388,0.944637007,1.62491742,-0.349660438,-2.18937928,0.0364353277,299.996,14.0691204,61.8089803,0.73788121,4.48055374,0.700589342,40.1994014,11.4221574,2,13,1.56835097,0.268411833,2.06764524,1.39785551,0.00290179755,0.377722016,2.22225255e-06,2.50443739
131,4.50843141e+18,1,13.4335756,0.946061118,5.46947891,-1.34041363,2.5442929,-0.106858691,4.19049451,0.975402132,0.658338102,-3.07735888,-0.298736522,0.401249398,299.996,12.5355018,43.6925644,1.10267036,4.76614018,0.652030006,39.494552,10.6860951,2,13,1.05863662,0.140742251,0.61436102,0.517590234,0.00157999333,0.0781676055,2.2219691e-06,2.56539945
132,1.71896161e+19,1,16.5943101,0.985775298,5.02477119,-1.23369551,5.62389602,1.11848787,9.03909285,0.923442851,0.988349591,10.8048242,-1.16389269,-0.0733117852,299.996,15.8883959,71.5628799,1.01775893,3.72443229,0.785498684,41.0622446,15.6317718,2,12,1.62781551,0.299903055,1.6520769,1.29864015,0.00265660713,0.129501572,2.22214811e-06,2.51491467
133,9.80641498e+18,1,15.8568066,1.03601321,4.85170074,-1.28020613,5.74817745,-2.65882651,5.81643369,1.00532952,0.940691151,-10.4992812,-0.231667501,0.586574681,299.996,11.9706246,44.3067858,0.82613335,3.63130985,0.710254302,39.687852,13.7234827,2,12,0.899533044,0.201076323,1.02861556,0.876740114,0.000456809316,0.0797079326,2.2218123e-06,2.48947682
134,4.70480779e+18,1,11.845917,0.977950347,5.1015588,-1.26650809,5.85867436,-0.144682926,10.0289996,0.943963449,0.55293529,1.30515588,-0.838611006,0.204247413,299.996,16.2882855,72.1267969,1.11282953,4.76472048,0.648170519,40.0607089,9.65398942,2,12,1.09686811,0.316668713,1.53331694,1.27663911,0.001528287,0.0775897603,2.22174365e-06,2.48920649
135,1.12434297e+19,1,11.907274,1.01537533,4.49190423,-1.22006058,3.23855854,0.303082137,5.96246647,0.90677934,1.20929814,-3.78293832,0.313835754,-0.3762595,299.996,12.8998746,52.7298648,1.11556883,3.85816968,0.703038848,39.6916694,11.2826856,2,13,1.86510453,0.20104076,1.15210781,0.988668176,0.00164017884,0.0925935826,2.22213091e-06,2.54131101
136,1.51762125e+19,1,13.9698658,0.853875297,4.71664004,-1.60228312,3.36164381,1.00636572,10.985791,1.13182506,0.831979464,-0.653738719,0.365471428,0.791073953,299.996,13.8858698,67.0187224,0.86630477,3.68012917,0.771675905,41.1833448,13.5138481,2,13,1.53212535,0.355731156,2.02979159,1.64809834,0.00166243758,0.158199077,2.22209064e-06,2.56638739
137,2.41210938e+18,1,13.6648632,1.03984067,3.9028053,-1.0571911,5.82042884,-1.84552768,6.53736823,1.02838857,0.814185052,-0.139290875,2.80814401,0.078970807,299.996,14.1972289,71.5491597,0.792957177,4.48090974,0.728620498,40.566137,12.6101504,2,12,1.08067173,0.238720605,1.87481463,1.226584,0.00497913557,0.132953115,2.22202956e-06,2.49745761
138,6.69721264e+18,1,13.1941617,0.930184957,4.31471934,-1.09270574,1.79383097,-2.37965722,8.19393058,1.03775008,1.29617639,10.5730106,-1.81178667,0.171836996,299.996,9.90137064,41.628478,1.32117229,4.7557633,0.705507303,38.0896576,13.2004515,2,12,2.01918655,0.278557022,2.40420824,1.53810928,0.00340681024,0.277848765,2.2225717e-06,2.49261633
139,6.60658328e+18,1,12.6994557,1.07715161,4.61098548,-1.10012021,5.53623658,2.37548604,3.81485704,0.869030989,1.53226798,2.83187313,1.57711931,0.75397557,299.996,13.6801661,52.3264944,1.34114333,5.31814998,1.039318,40.5838334,12.5960606,2,12,3.36891316,0.199806127,1.72415055,0.724567996,0.00163639204,0.334275764,2.22196237e-06,2.51369521
140,1.79575586e+19,1,15.0491227,0.945349301,5.22591576,-1.18110633,7.97591187,0.156602413,7.51368038,0.950737309,0.897639174,4.11982082,-2.81157053,0.555734713,299.996,15.6506385,77.8991428,0.93690416,4.38175269,0.723140066,39.9246775,12.4381956,2,12,1.73263545,0.233981371,2.05905816,1.51633137,0.00161917637,0.142330361,2.22164259e-06,2.49107223
141,1.55324554e+17,1,14.0837575,0.945503086,5.29729953,-1.27560102,5.90469432,1.20412941,10.9881217,1.00298713,0.851607389,7.63698237,-1.00177972,-0.124891476,299.996,16.7531947,86.79122,0.821460652,4.48888183,0.867996567,39.3279675,11.7693803,2,12,1.79892423,0.367851343,1.65333786,1.45208026,0.00088031306,0.131402783,2.22194597e-06,2.55743196
142,4.32793161e+18,1,14.647943,0.989473079,6.0612274,-1.25290701,1.25413273,1.56861019,5.24037182,0.925897549,0.695351131,2.69075121,2.57061437,-0.000901180638,299.996,11.8737755,41.635022,0.784817002,3.69000629,0.662848807,39.3063945,13.7729519,2,12,1.09920227,0.168350845,0.879145149,0.736572258,0.000912855051,0.141414627,2.222452e-06,2.49150971
143,6.9744043e+18,1,14.1925523,0.953060482,3.78504638,-1.4306651,7.99958588,0.988954052,4.31350902,1.00378415,1.55568969,18.9532201,1.5716389,0.366633086,299.996,11.5381554,50.3891334,1.10182258,4.2874656,0.904686579,42.6385216,15.9384121,2,11,1.78277249,0.218448791,2.42973467,1.53214395,0.00207764003,0.390096345,2.22168572e-06,2.53745775
144,2.63739675e+18,1,13.4231349,0.936668212,4.96797864,-1.15915421,8.94003433,2.52567139,7.37414204,1.01675951,1.21342783,-6.21477634,-0.712276061,-0.104928562,299.996,26.0948339,112.846116,1.0604019,5.15775219,0.872608711,39.4275464,10.5790664,2,11,2.01713895,0.282434132,1.79625126,1.56984971,0.000782261969,0.0573288685,2.22190966e-06,2.49417967
145,1.7911184e+19,1,15.1426905,0.956347548,5.74217677,-1.11252472,1.40997087,0.3032403,10.9417488,1.02748035,0.895330566,-6.49910309,0.748941374,0.420194515,299.996,11.5549825,41.3170447,1.19526999,4.2379082,0.809579008,40.6335036,13.1639295,2,13,1.20936266,0.354744228,1.69008427,1.38680698,0.00295032106,0.148327133,2.22248308e-06,2.575993
146,8.58988211e+18,1,14.8706952,0.922598848,5.00985593,-1.40796077,4.35005134,-1.90993168,4.37846423,1.01292591,1.52434091,-0.199494795,-2.60110121,-0.345093503,299.996,12.871903,58.7301151,1.37671351,4.92209677,0.690025304,41.8241413,12.5163036,2,12,2.18282691,0.20875948,1.31412114,0.961461346,0.00139231485,0.13365022,2.22186101e-06,2.49660647
147,6.02386281e+18,1,13.0301653,0.97317798,4.47720402,-1.27494798,5.88154455,1.88114431,7.92487343,1.01688292,0.767623094,-11.8711739,-0.794028079,-0.0601767757,299.996,15.710298,73.3062143,0.839565646,4.59913472,0.643424093,40.7328333,13.9155606,2,12,0.809063231,0.230361492,1.28580566,0.907923151,0.000565740997,0.162169622,2.22209076e-06,2.49538871
148,1.07715744e+18,1,14.6072467,1.06185085,5.14417628,-1.1438366,10.9403557,-3.11642993,7.93167714,1.08847709,1.45829798,11.0381075,1.50933886,0.492558097,299.996,11.4184115,41.8463066,1.02613221,4.4197097,0.73649266,38.952805,12.2660509,1,10,1.3475212,0.278162141,2.01645456,1.50237245,0.00303719392,0.188836196,2.22158967e-06,2.48974859
149,1.65720578e+19,1,14.3386779,0.979347814,5.2603892,-1.2301924,6.88536048,-0.0171524711,5.51242067,0.974482694,1.14831058,9.26450723,-1.53506597,0.289930517,299.996,16.8818805,81.0856058,1.11393983,4.07406021,0.750025876,39.9257599,14.6356669,2,12,1.86769621,0.203855585,1.4770954,1.05449616,0.0026385709,0.29424215,2.22178889e-06,2.55496417
150,1.29096926e+19,1,14.0029261,1.04070378,4.9400303,-1.20978913,7.92208677,-0.463380604,10.2719669,1.11868181,0.874232743,2.6340931,2.01051946,-0.107197094,299.996,20.4786627,101.905412,1.10178314,4.42373606,0.809501002,38.7828681,10.8977355,2,12,1.88899293,0.333339672,1.40215153,1.09927841,0.00196931278,0.142471939,2.2218398e-06,2.49067313
151,1.02017597e+19,1,13.9431311,0.90618126,4.13766272,-1.1149115,10.3483816,-2.49623416,5.76204249,1.00934349,1.29302781,3.23763765,-1.71200554,-0.616810196,299.996,22.6064142,109.567204,1.75587872,5.37241884,0.763794437,40.1829457,17.7256287,2,11,2.2325169,0.208376684,1.24296644,1.06196399,0.0014488126,0.145121322,2.22177108e-06,2.51867746
152,1.25301921e+19,1,13.8415498,0.959161352,4.51153666,-1.20554425,6.05264764,-2.27760471,6.08146127,0.960148291,1.01254791,-1.92252209,-1.8733521,-0.304480201,299.996,15.8107058,81.1462191,0.809562208,3.79023997,0.701968018,39.5387648,14.6873125,2,12,1.12035328,0.222401109,1.70233694,1.3165141,0.00103819337,0.254303598,2.22172682e-06,2.53781181
153,3.09003482e+18,1,13.5824296,0.968728111,4.75940812,-0.907252031,6.2255239,-1.27091498,8.11107308,0.971164638,0.780295805,3.06758196,-0.451823619,-0.549661581,299.996,14.7992214,69.0463688,0.825913088,4.40824428,0.839013841,40.3881118,11.5630021,2,12,1.71310632,0.245006354,2.18936995,1.54438459,0.00170890311,0.109669634,2.2220092e-06,2.54826335
154,9.61276116e+18,1,12.2112024,1.04408828,3.99429308,-1.39770327,5.26762578,-0.517300982,10.0122559,0.971213605,0.748289201,-2.86935717,-1.29145805,-0.411320298,299.996,16.632385,69.7161922,1.00993236,4.53981459,0.811870765,40.1458292,15.841274,2,13,1.3368911,0.344392295,1.48487692,1.21062023,0.00208462432,0.110547836,2.22204127e-06,2.50522383
155,1.39047579e+19,1,12.315827,0.954317293,4.96128488,-1.27444043,4.5909207,-1.6616702,4.03621284,1.02227149,0.909696112,2.40330844,-0.961556526,-0.214425881,299.996,15.47918,74.7291465,0.638674514,3.43613294,0.697958511,39.5226198,9.80775923,2,12,0.891294752,0.171094811,0.900101814,0.561484648,0.000707048393,0.0887601544,2.22196953e-06,2.61628484
156,9.30788525e+18,1,12.8423269,1.04084535,6.08639139,-1.04088361,9.92720462,1.59372588,7.03139406,0.990345504,0.869049845,-1.06084499,0.852904068,0.116426852,299.996,16.5194701,68.2992091,0.647868714,4.26149108,0.646057602,40.1120049,10.5241086,2,11,1.30965705,0.232311712,1.61025813,1.18354609,0.00176406758,0.0951037179,2.22174973e-06,2.5095245
157,5.83488623e+18,1,14.8952001,0.968410488,5.31119089,-1.30998118,6.30983744,-1.5107918,6.50935385,0.938345684,0.831739246,-3.76134618,2.10171555,-0.132311632,299.996,14.8809279,72.2398217,1.32703366,5.14481701,0.817299433,39.1576516,12.4303589,2,12,2.57762801,0.241158058,1.46456568,1.12755922,0.00213243925,0.192489358,2.22197801e-06,2.56299962
158,1.27272765e+19,1,13.3481807,1.08356416,4.32386375,-1.30339922,4.6706782,0.54239856,4.84508519,0.938019533,0.553370335,-6.20582134,0.844161919,0.490196471,299.996,13.3261236,55.4719981,0.760767024,3.4953027,0.666836264,39.6194396,12.8491971,2,13,1.23540688,0.167882961,1.09421195,0.656606013,0.00118110253,0.219311844,2.22180637e-06,2.62028558
159,6.91956453e+17,1,13.2687538,0.979362815,4.01456361,-1.0939253,7.32872371,-2.24038755,3.62652857,1.03665075,1.1330512,-0.420504237,0.200153374,0.00876808074,299.996,10.7079641,42.3873302,0.986910875,3.94808561,0.662780727,40.2224554,13.3118964,2,12,2.36658392,0.152328381,0.873206963,0.713456031,0.000667504464,0.0637347503,2.2216743e-06,2.50989246
160,9.98841769e+18,1,14.5968299,0.920566928,5.43038582,-0.873114516,12.7810288,2.46027042,3.22345419,1.06489707,1.12751677,1.54025325,0.802692292,-0.0491955714,299.996,30.7993032,126.396046,1.15934313,4.00983911,0.878522773,40.506021,9.24195587,1,10,1.22041244,0.164334675,1.97413406,1.22288565,0.00198969387,0.314091865,2.22161951e-06,2.49016722
161,1.32197227e+19,1,13.4182914,0.98624965,5.44405934,-1.29648495,8.01941863,2.1759467,8.38887111,0.94680512,0.614111287,12.7960121,-1.98022156,0.63284135,299.996,28.0990536,108.43514,0.755062249,4.1232082,0.697703935,40.6031436,11.6905651,2,11,1.31742708,0.234669037,1.61407382,1.47199725,0.00132756579,0.04088046,2.22181354e-06,2.51700285
162,9.2854948e+17,1,12.8517245,1.03993543,4.38405911,-1.4175806,5.39398007,-0.579696169,7.46115423,0.8974256,2.01537249,-6.55476354,-0.752234088,-0.365168829,299.996,13.034924,62.3507802,2.55056285,5.9484712,0.746946912,42.2754795,13.6814849,2,12,4.27793221,0.326568826,1.80163735,1.30183265,0.00335198456,0.0683562782,2.2218946e-06,2.49504014
163,1.18566224e+19,1,14.2287368,1.12176347,5.28523951,-1.30954225,6.34778245,1.63161746,7.99109526,0.979216939,1.32351706,-0.628800762,1.3029177,-0.120277515,299.996,12.390507,49.6837847,0.921106598,3.98917797,0.795512152,40.7432837,12.2483548,2,12,1.40992911,0.291275892,2.22346597,1.18711549,0.00177769006,0.194749739,2.22187017e-06,2.55326374
164,1.04650789e+19,1,12.0495717,0.947535197,4.86081425,-1.34442398,3.9549714,-2.79960613,7.42551734,1.04126974,0.801010046,-6.53054252,1.60911466,0.204869676,299.996,13.59662,62.8023131,1.14828227,4.3082077,0.676282144,39.6264565,10.2532209,2,12,1.05858414,0.218478744,1.41950277,1.16359806,0.00267221752,0.174169347,2.22222709e-06,2.54937686
165,1.33381469e+19,1,12.2102186,1.01550579,4.66193441,-1.26986588,0.562784148,2.55833616,9.10272762,0.877804781,0.869224982,-1.08409826,-0.500555823,0.267973338,299.996,12.879144,41.4817449,0.806296869,4.71067433,0.734550206,40.0086668,14.4836515,2,13,1.31422287,0.298863858,1.56309235,1.25166594,0.00106721179,0.15825266,2.2225947e-06,2.52162411
166,1.19969729e+19,1,15.1939759,0.87656623,4.72291085,-1.0257048,1.26021228,2.9243032,14.248666,0.907379331,0.776708911,2.40745305,0.821201106,0.521640452,299.996,13.0676488,43.6834465,1.29194444,5.39126598,0.940739066,40.8948725,19.076997,2,13,1.44761301,0.420980854,1.64466718,1.41082871,0.00160908311,0.205933678,2.22318385e-06,2.50916462
167,1.96072951e+17,1,12.2906414,0.942310972,5.38493538,-1.25636699,7.0393807,-0.63752679,4.76421588,0.965649263,0.940028905,7.9482435,0.0199476773,-0.978376587,299.996,12.2364833,50.6403657,1.11647837,3.4296688,0.656747569,39.179148,11.7597316,2,12,1.12962601,0.188658889,2.29661012,1.21659512,0.00465151347,0.218887018,2.22168199e-06,2.50536701
168,9.71144059e+18,1,13.3630033,0.890790126,4.88792805,-1.11016142,2.21737062,-2.59401582,6.07038596,1.10079858,1.21390326,12.4264112,0.181135834,-0.134820962,299.996,9.70087838,41.7741209,0.648564991,3.58469439,0.620689576,40.1227063,10.8039086,2,12,1.49909905,0.230595291,1.58292263,1.04699513,0.00226439657,0.182958705,2.22198053e-06,2.55157595
169,5.47966387e+17,1,13.9132923,0.959043323,4.81559231,-1.33399456,0.843058582,-2.88239993,12.4468947,0.951879363,0.587014483,10.7360849,-0.188305583,-0.377980354,299.996,10.8176117,41.7734809,1.09555315,4.3276551,1.1276348,42.9066148,14.7007732,2,13,0.950452195,0.451556582,2.00387387,1.7857325,0.00169726422,0.322727278,2.22249937e-06,2.51653994
170,4.28027681e+18,1,13.4065591,1.06585404,4.99384518,-1.16101789,7.40162319,-1.79630389,5.05506347,1.01836913,1.34798537,1.32598944,-0.0590676309,-0.339020069,299.996,12.9196523,58.64423,0.90467468,4.45789246,0.667987575,39.9854069,9.79161933,2,12,1.71716364,0.212226574,1.60140916,1.04485503,0.00126469578,0.129499916,2.2219332e-06,2.4941681
171,1.33538544e+19,1,13.3662622,1.04740772,4.62425156,-1.38595336,3.15798319,-2.58355787,1.94965428,0.980023292,0.960265895,-6.90452065,-0.686095918,0.102092668,299.996,10.8415479,43.3687695,1.00559748,3.86364921,0.641188755,40.3524001,12.3545282,2,12,2.79385281,0.105601274,0.783482618,0.408442429,0.00138688972,0.0538992299,2.22184951e-06,2.54610603
172,7.50937059e+18,1,11.7953679,0.904344786,4.99925888,-1.29965318,0.0272498982,0.537776903,7.46852005,0.996990281,1.39115516,12.7716795,0.569446237,0.348447712,299.996,9.16156505,41.396377,1.37223352,5.00641196,0.691370176,42.7302525,10.142659,2,12,3.60471485,0.300698154,2.09015731,1.39531862,0.0017323963,0.375807895,2.22251239e-06,2.58746469
173,6.77759456e+18,1,13.1374552,0.920382742,4.81556368,-1.11257426,2.8955557,2.18401124,3.83029045,1.01874213,0.701288757,-0.70788121,1.56555217,-0.215796013,299.996,10.8629893,41.4633042,0.611349136,3.79160556,0.58787704,38.8712783,10.2737896,2,13,1.02529247,0.137131044,0.817441635,0.575600446,0.00063268182,0.0974239539,2.22183123e-06,2.51480591
174,7.76276134e+18,0,15.53937,0.984063547,5.12216507,-1.26147564,2.54283416,-2.86058002,5.66365605,0.879184168,1.46806433,6.34594072,-1.41612119,0.0173153382,87.404,10.8752343,41.7841759,25.1683335,110.026383,2.64255562,37.6099494,29.4710838,0,3,0.893212345,0.257030911,2.68211335,1.83340825,0.00276092115,0.277084177,2.22218573e-06,0.71875809
175,7.583439e+18,1,14.2205919,1.03022893,5.16382368,-1.42867061,5.41624566,3.00347132,5.68352998,1.02427372,0.784213894,-0.863018961,1.23100816,0.231758415,299.996,13.7177334,60.7122291,0.70334657,4.08994157,0.653924033,39.7365063,9.78859674,2,12,1.29009432,0.18730223,0.756115321,0.650038256,0.00144200858,0.071622576,2.22197363e-06,2.49087698
176,2.83217036e+18,1,14.5502107,0.984626895,4.40385805,-1.30656712,1.31462893,2.78053378,3.63558614,0.971838083,0.875322662,3.26217729,2.38583557,0.0236638998,299.996,11.0099133,41.1783895,0.810523152,4.49410477,0.627297187,39.3192116,12.7202213,2,13,1.78998604,0.148175113,0.729039284,0.645946729,0.0005655706,0.046306282,2.22191806e-06,2.51011304
177,1.71550019e+19,1,14.8220711,1.04258868,5.15612884,-1.12266915,4.88222089,-2.78128188,12.1458886,0.986318738,0.949479902,17.981212,-0.380029258,0.0769672403,299.996,14.6760278,58.6542686,1.03702755,4.65412707,0.947961511,40.7345997,12.9185976,2,12,1.78760096,0.379257697,1.83063003,1.5884392,0.00187515438,0.22729412,2.22231911e-06,2.56426672
178,2.99472831e+18,0,14.858323,1.01027098,4.19641942,-1.37244682,3.97938147,1.58532355,8.67042137,0.942748075,0.814978848,-6.58656866,-0.753493027,-0.120463177,212.992,18.1271986,63.9583164,14.2755534,106.263816,1.6778928,38.6984901,27.1396275,1,9,1.55917887,0.268856799,2.02635438,1.21843756,0.00265063098,0.361236044,2.22206895e-06,1.77708027
179,1.25765263e+19,1,12.1989861,0.935960561,4.42804302,-1.13761537,7.1880392,0.345131808,1.13399884,1.01838297,1.39112006,2.06384872,1.84367825,0.536816296,299.996,16.9550493,88.3094296,0.825323355,4.34392469,0.771902865,41.7748537,9.64107216,2,12,2.51916914,0.150707645,2.26180325,0.887955877,0.00341325238,0.555701084,2.22165615e-06,2.5387143
180,6.20605706e+18,1,13.907205,0.953391286,3.53094377,-1.34756397,2.30733231,1.64204178,6.59732604,1.10124079,1.00021116,1.69947668,-2.38479879,0.00277430596,299.996,16.7828243,74.1627711,0.818907231,3.70284238,0.823881589,40.1676538,12.7467907,2,13,0.8687929,0.241169711,1.58313364,1.15194043,0.00379100798,0.141072346,2.22231489e-06,2.48976306
181,6.18174962e+18,1,12.7915339,0.969304009,5.21015423,-1.61865635,4.54675918,-2.37548082,8.20446237,1.05746849,0.787838267,15.5418926,-3.29529002,0.352036559,299.996,16.0356039,76.8437689,0.871182693,3.2206556,0.652804469,39.8049689,10.3908024,2,12,1.10705098,0.275325551,1.48775279,1.02165633,0.00124166572,0.198831433,2.22197901e-06,2.51824063
182,1.41651102e+19,1,14.2478196,0.961751118,5.22873044,-1.02085089,0.742697595,-0.320220139,6.37145503,0.930504493,0.779555311,10.5385248,0.101186597,-0.276689616,299.996,10.7109997,41.0342294,0.743474763,4.09003728,0.728024895,40.41071,12.8612319,2,13,1.22182423,0.223417595,1.25025034,0.838812679,0.000578335232,0.0451387997,2.22262133e-06,2.54346118
183,7.36264479e+18,1,13.4835278,0.824570245,5.42072013,-1.15266814,6.9977328,0.664423997,6.28615447,0.95226993,1.44284326,-1.80448291,-0.229127691,-0.435956443,299.996,13.5323219,65.3255446,1.68041393,5.59727081,0.705389647,40.3848289,11.3742626,2,12,3.83980695,0.247831248,2.39654514,1.29257808,0.00273262108,0.259644307,2.221694e-06,2.48810808
184,1.44278759e+19,1,13.6685586,1.03386113,4.94100451,-0.897115075,5.84070382,1.54887478,8.8764928,0.964069753,0.972922026,3.17521613,-0.315136031,0.0485355436,299.996,20.5692016,91.0814715,0.759826642,3.72596911,0.722329231,40.2638112,11.8953107,2,12,1.51082509,0.30405945,1.88087217,1.27093802,0.00137067211,0.194488648,2.22229052e-06,2.5278646
185,4.47048233e+18,1,12.9085407,0.984509293,5.15696778,-1.47928107,13.0786586,0.27438152,7.0483599,0.975073179,1.17496802,-1.7038154,-0.0499122422,0.356583062,299.996,38.1968183,168.148269,0.815129267,4.40844129,0.693264435,38.8831402,11.2802756,1,9,1.83936756,0.244032374,2.58455181,1.71095023,0.00122266241,0.303948124,2.22160412e-06,2.53656177
186,8.1955405e+18,1,13.2618647,0.936232938,5.29743149,-1.34225593,10.8711528,1.73454564,8.78668112,1.01283015,0.809614344,0.16633972,1.83781438,-0.452513421,299.996,34.1375368,128.456955,0.794050942,4.09184164,0.889974049,39.4170481,8.21786133,2,11,0.984558926,0.309873981,2.3504715,2.11529405,0.00379518971,0.0937260547,2.2217837e-06,2.57885252
187,1.11423552e+19,1,13.1927066,1.01322265,4.70320529,-1.16971717,6.23863665,0.420910864,9.01803669,1.00798749,0.96347768,-1.89701849,-0.366542795,-0.0442075964,299.996,13.6014799,55.4552953,0.972404366,5.59054584,0.703746772,39.9682534,13.0040082,2,12,2.19894702,0.306880678,1.52225401,1.28585679,0.00106319548,0.166950458,2.22209305e-06,2.48468186
188,1.36855987e+19,1,14.3733869,0.991721875,5.34560898,-0.879897552,3.32474101,1.53257263,8.86244595,1.06091086,0.80102576,-8.20900858,-0.673266044,-0.083364445,299.996,15.8743834,72.6781484,0.867929495,4.57089449,0.651577013,39.0062369,10.6354178,2,12,1.78271249,0.29532221,1.71228989,1.50155765,0.000724546254,0.128748024,2.22230762e-06,2.49124098
189,1.19152361e+19,1,12.5967212,0.906051583,4.95139617,-1.05149842,0.887388392,-1.89897481,5.35879737,0.968564803,0.77133947,13.4393917,-1.44660271,-0.620801439,299.996,10.6895468,41.7922847,0.754042878,3.73465901,0.646266925,39.8442427,12.9073284,2,13,0.993015115,0.201652702,1.00589836,0.823174329,0.000208821655,0.10768833,2.22215975e-06,2.56398537
190,1.65947388e+19,1,12.0809549,1.12370457,4.23307675,-1.02885072,7.20117189,-2.29662791,8.11279416,0.991693306,0.868736904,-8.87796789,1.00267839,-0.462845238,299.996,10.0091158,41.543073,0.780864746,4.35927942,0.669549124,41.5724422,11.012738,2,12,1.3109075,0.23432142,1.51919258,1.34404744,0.00109063629,0.102087256,2.22191324e-06,2.54796496
191,1.4866757e+19,1,15.8371202,0.934839356,4.43470491,-1.30483059,6.69213156,-1.11919001,3.37785074,0.992522221,2.03736693,-2.74918153,-2.09403609,0.307207481,299.996,11.1939241,46.4352877,0.968331144,3.82004533,0.796784701,42.0058858,14.0616056,2,12,3.02258221,0.219231295,2.52281512,1.28989917,0.00319352679,0.47393532,2.22177738e-06,2.48037792
192,1.78669671e+19,1,12.2861481,0.980158233,5.66675699,-1.3701969,9.6179037,3.13539154,7.32020982,0.993210209,0.806082514,6.71647769,-1.01500962,-0.344981082,299.996,14.7067886,60.4994949,1.4306288,3.83135741,0.717708185,39.9423071,9.36257119,2,11,1.72108364,0.272758511,1.28409056,1.14276667,0.00319531157,0.193691925,2.22171226e-06,2.50043967
193,8.42038325e+18,1,13.7585099,0.96520065,5.57388767,-0.931467975,7.38242858,-2.02708708,7.07425725,0.931534034,1.42218392,-17.2456471,1.83195253,0.18050382,299.996,11.753036,49.0588728,2.08276286,4.65604429,0.690399049,42.3888581,12.1069778,2,12,2.64856662,0.324863457,2.06939301,1.46148338,0.00375463568,0.378458296,2.22177876e-06,2.55568003
194,9.78981898e+18,1,13.8277505,1.10356771,5.91287242,-0.994765567,5.25004739,1.87046575,6.61585787,1.00032863,1.39181394,-1.58402263,0.691575253,0.666307356,299.996,17.8686812,74.6450233,0.889375649,4.72145812,0.687325524,37.1112723,9.89666103,2,12,3.47114932,0.265681039,2.09560028,1.14517759,0.00223043959,0.253628268,2.22183088e-06,2.52550123
195,1.18070014e+19,1,14.682776,0.942339165,5.65718185,-1.08333488,6.5410079,-2.06424463,10.6411875,1.16040279,0.994523063,6.98001997,0.901173285,0.042694164,299.996,12.2455039,55.9479651,0.823224935,3.9820769,0.718670228,39.7826617,10.0030344,2,12,1.98985084,0.317293651,2.08131642,1.72782755,0.000884073285,0.266549504,2.22211863e-06,2.49060463
196,1.48716934e+19,1,12.9249232,1.10734123,5.36995138,-1.40824129,5.35757936,2.50073404,10.9280044,1.07630466,1.53173959,10.4971228,-3.38331225,0.359686145,299.996,9.65581814,41.5787805,0.839067822,3.39324647,0.714312042,41.8305978,10.6216734,2,12,3.12879574,0.323377423,1.40837456,1.23356105,0.0033830867,0.358210147,2.22253971e-06,2.53092274
197,3.61346542e+18,1,13.2386454,0.888432329,4.02839207,-1.20728903,1.42913868,0.407694726,7.7434035,0.997181509,0.635830909,-22.5091789,2.55899403,0.1554862,299.996,12.3303034,43.7639477,1.05440391,4.54690378,0.78888445,38.7700798,13.1311021,2,13,1.13775438,0.244812178,1.25315371,0.97160017,0.00165951823,0.218288507,2.22234008e-06,2.54218597
198,1.66938666e+19,1,14.200272,0.98228118,5.39663691,-1.23036808,8.44247937,-2.14693841,8.86986761,1.00179282,0.772314121,-8.70435368,2.52109488,-0.0128582649,299.996,11.490956,48.4223086,1.16397684,3.75500702,0.718795462,40.70201,12.219635,2,12,1.55911188,0.256760959,1.42656676,1.24875921,0.0016670367,0.116761793,2.22177797e-06,2.51346889
199,6.54275254e+17,1,12.4007808,0.992905514,4.69064795,-0.906178254,0,-0.664464951,0.5,1.01289158,1.73875393,-6.78134819,-0.506558596,0.0576200639,299.996,9.71522778,41.3031575,1.91421859,4.57727113,0.623797704,40.6721737,10.5582944,2,13,3.10546643,0.169359492,1.0816437,0.627457145,0.00390390382,0.114809375,2.22206781e-06,2.56850433
200,5.4430854e+18,1,12.6934136,0.952535454,4.71004996,-1.13113115,7.94609039,-2.33593825,3.41225574,1.02007746,0.777582558,9.8800098,0.00853443358,-0.105554421,299.996,10.2396277,41.6304237,0.939516616,4.43928041,0.639036104,39.6737343,13.9874936,2,12,1.02934648,0.119160695,1.31897984,0.870539222,0.00332672332,0.101716284,2.22162278e-06,2.5421812
201,2.49545837e+18,1,13.2214278,1.07133664,4.75319473,-1.21295669,3.06019718,-1.84866224,8.71603956,1.02077192,1.17963169,-8.43844299,1.81065584,0.61516313,299.996,14.484164,62.119374,0.830299914,4.31584297,0.796079277,39.0042978,11.1735415,2,13,2.76497794,0.276438713,1.40650748,1.29076152,0.000502589504,0.119861898,2.22234492e-06,2.55230462
202,3.32197807e+18,1,14.4134292,0.977585623,5.02069722,-1.10205865,4.21904908,1.6676123,8.83029728,1.08699484,0.790974626,-13.9372482,0.60082075,-0.571128779,299.996,18.6979318,88.7648679,1.467839,5.18601859,0.740130427,40.1845609,12.2314644,2,12,1.69970321,0.28990736,1.21103947,1.01974352,0.000972686173,0.0746905235,2.22214959e-06,2.49207643
203,1.61907829e+18,1,14.2732128,0.950664689,5.30640286,-1.27212072,2.72538364,-0.959366461,4.02899913,0.983086618,0.597815119,3.21958123,0.114590251,0.189810231,299.996,11.0090461,41.6033845,0.951608817,4.43090844,0.659755945,39.4937502,11.7201093,2,13,0.881493794,0.132764737,0.85971492,0.545714824,0.00134000397,0.10428435,2.22194028e-06,2.49122762
204,1.37646261e+19,1,14.2020006,1.07692926,4.84995739,-1.06792344,0,2.32564783,6.74075403,0.957976844,1.2484365,-11.2370093,-0.487214894,0.504724551,299.996,10.9424902,41.4634485,1.03780128,4.15674047,0.771657217,40.7344523,19.5332139,2,13,1.34683421,0.246268055,2.14567511,1.10429476,0.00342646739,0.285322652,2.22261101e-06,2.5273133
205,1.54720873e+19,1,11.853927,0.95236048,4.57470678,-1.08653783,2.81706408,-0.0426480006,6.6378929,0.909169933,0.647233251,13.4347434,0.095407362,0.254587565,299.996,12.4631949,41.3766373,0.788016489,4.55008624,0.711942491,41.1118148,13.3659083,2,13,1.10776299,0.190463973,0.929121224,0.775745519,0.00145224304,0.0747825289,2.22202824e-06,2.59618429
206,1.06053544e+19,1,12.8018927,1.08045836,5.31335293,-1.05085066,7.37751306,-2.36775534,8.4086021,1.00571298,0.847723203,0.198720611,1.16220501,-0.0776310178,299.996,10.4827656,41.7345827,1.1976357,5.70483093,0.720930828,39.9471241,10.2498454,2,12,1.48600035,0.266105934,1.26415546,1.09606283,0.00104227873,0.0460375532,2.22184993e-06,2.48154611
207,1.83801351e+19,1,11.8908428,0.949211263,4.62392817,-1.11497745,9.51927698,3.08816188,5.71946186,1.05780544,1.09425353,-9.859592,0.193667436,-0.203291668,299.996,14.8908064,73.3423494,0.709421862,3.99065911,0.672951983,39.75974,9.76004485,2,12,1.40780416,0.235107333,2.13743988,1.62855125,0.0019385115,0.129475186,2.22165602e-06,2.49291184
208,9.39885297e+18,1,14.0511192,1.05425909,3.82697273,-0.966733386,5.43928868,0.868089011,7.35088009,1.08483302,0.882509754,25.3376501,-0.385386066,0.0801334631,299.996,13.6161203,58.5021868,0.828158601,3.3989662,0.676772009,41.8717198,13.8474098,2,12,1.26966692,0.255292874,1.30124162,1.10255418,0.000886643077,0.0807000825,2.22185543e-06,2.52291522
209,1.09331229e+19,1,13.6956044,0.881607943,4.83379783,-1.25363601,7.71926831,1.60416339,4.07316119,1.0225619,1.0677678,9.63831018,1.45767203,0.12493352,299.996,15.2129,64.868776,1.15643973,3.69152537,0.618816961,38.1597672,11.7704674,2,11,1.35961077,0.154476698,0.845686635,0.650600449,0.00144026739,0.0558767597,2.22166968e-06,2.48878225
210,1.10754726e+19,1,13.6939566,0.992927759,4.29346234,-1.46090005,5.12379181,0.364297374,8.96901524,0.99542724,1.04383635,9.85287935,0.571467261,-0.259260555,299.996,15.3306981,70.7084295,0.902437095,4.4917982,0.753576882,45.3835669,15.0422282,2,12,1.69223459,0.305639046,2.08651144,1.5577918,0.0032685655,0.159479948,2.22198863e-06,2.5621492
211,1.61543566e+19,0,14.1499064,0.959924917,3.69164447,-1.29562536,5.79086362,-2.80076524,7.39433748,1.01726961,1.409573,4.96626196,0.375546707,-0.110894853,228.512,18.628556,78.8883246,13.2009152,110.020363,1.6338182,40.2006764,36.1562335,1,9,2.42511246,0.257042665,1.04994337,0.910632972,0.00274866899,0.130608781,2.22189005e-06,1.94605204
212,4.80950625e+18,1,13.1035586,1.07903087,4.26536445,-1.3747447,3.00351521,0.679579057,11.2725025,0.929307146,1.37779127,-3.18222237,-0.235856846,0.576771485,299.996,16.8028692,88.3730156,0.875839978,3.90583193,0.876550343,43.6517802,13.6907619,2,12,1.69177105,0.388272953,2.43549744,1.62773887,0.00183143138,0.317864451,2.22200701e-06,2.51551632
213,5.23327418e+18,1,16.568433,1.02674358,5.6437538,-1.18007232,5.51373954,0.594541794,1.33696761,1.09776336,1.26354456,-1.02064084,-1.17215774,0.0680360646,299.996,12.5822028,48.445467,0.919115027,4.53771104,0.608786607,39.9424255,11.581295,2,12,1.90942099,0.14627156,1.7702948,1.12106955,0.002474533,0.315072127,2.22169297e-06,2.49316957
214,1.63616041e+19,1,14.7347544,0.899032304,5.55216215,-1.1834504,6.93866778,0.67446191,2.33615485,1.07183874,1.17900967,11.068337,-0.224424686,0.1682867,299.996,14.4701992,69.2308604,1.07300725,5.00438739,0.661157564,40.302427,10.3184846,2,12,2.20713179,0.15331603,1.56061491,0.968442842,0.0033373212,0.13701934,2.22166194e-06,2.54412699
215,1.69860059e+19,1,14.192516,1.00395871,5.49156642,-1.1873096,2.30304738,2.78044156,4.95486018,0.971831752,1.33146521,1.75663999,-0.739278318,0.136540757,299.996,9.71516734,41.6892133,0.923609193,3.88026749,0.703136269,39.9129267,10.6836948,2,12,2.16619933,0.181978331,1.24792446,0.715918776,0.00126215533,0.233079593,2.22198155e-06,2.51044599
216,7.56177362e+18,1,15.1049718,0.98654432,4.31034556,-1.21476492,6.93314601,2.85329542,6.48433715,1.00610747,0.927597473,-20.4134926,0.648265888,0.548967097,299.996,10.8030205,41.5369218,1.10690839,4.96186724,0.687493704,41.2521021,13.4719599,2,12,2.58794045,0.21378727,0.942193871,0.752206985,0.00209011288,0.0543126708,2.22177451e-06,2.55955856
217,1.31812696e+19,1,12.8397312,0.945429807,5.60012406,-1.24390392,8.82801,-3.0031022,7.08919208,1.02668153,1.04481795,6.77636473,1.2639139,0.360247021,299.996,15.2733091,72.9187176,0.847837415,4.67763229,0.720216595,39.4242374,8.58920291,2,11,2.58039641,0.236602615,1.42471638,1.22866493,0.000836698677,0.207471858,2.22168762e-06,2.49236916
218,1.30785355e+19,1,14.2968483,0.950091657,5.38549243,-1.20006148,5.85208228,-1.52188588,14.0339824,0.884640453,0.695512174,11.9856951,-1.91409592,-0.364615407,299.996,13.7036513,70.6873321,0.943064053,5.07455356,0.861149082,40.6105764,15.9579288,2,13,1.05118048,0.42938932,2.48502951,2.22366867,0.00333122162,0.245995727,2.22258152e-06,2.55009314
219,1.30649373e+19,1,12.8795703,1.00307034,5.5979435,-1.33691606,6.74976495,2.76409248,3.86361035,1.00807392,0.944670759,0.485432639,1.76043954,-0.616320417,299.996,10.396786,41.8154847,0.773492794,3.35888419,0.659700298,39.6468724,9.07642752,2,12,1.44715543,0.170024358,1.21187179,0.994084928,0.000968992546,0.141582987,2.22168899e-06,2.55111081
220,1.77794189e+19,1,13.2403749,1.0308328,4.61924165,-1.1032951,2.4346427,-1.27061728,10.4557524,0.985292663,1.48596666,8.32449416,0.458023285,0.0432865618,299.996,12.8643729,47.2966686,0.962920783,4.97272902,0.926614218,42.7608535,12.1092622,2,12,3.02965461,0.375062122,1.91048367,1.52272559,0.00165846843,0.200327039,2.22253519e-06,2.54881979
221,7.63106353e+18,1,13.36533,1.02106544,5.36299364,-1.05662006,1.52601216,1.73449599,6.88129619,1.14100985,1.09251755,10.1644233,-0.292196139,0.528377131,299.996,13.3560179,56.1182503,1.74527615,4.56161236,0.729888139,38.6139626,9.44829849,2,13,2.09078158,0.238087411,1.2676118,1.06427998,0.00191722244,0.05552659,2.22214244e-06,2.49472071
222,1.21647706e+19,1,14.205006,0.930007298,5.60935609,-1.23558761,4.62546303,1.64007793,2.64605165,0.936336451,0.720234482,7.93020246,-1.45444328,0.3231476,299.996,17.7307306,79.7823829,0.630819657,3.83824232,0.624188617,39.2349386,14.5485854,2,12,0.607754699,0.111349078,0.603821382,0.465364864,0.000709119674,0.0743087673,2.22182249e-06,2.50710254
223,6.92878299e+18,1,12.8496864,0.968182426,5.92941812,-1.31541357,1.54750277,-2.12125324,4.37336002,1.03022603,0.938348248,-1.53242009,-0.174420889,-0.376989693,299.996,11.970191,47.0224621,0.757406559,4.06539798,0.58779554,39.5121899,8.72804344,2,12,1.25725943,0.163246049,0.893245366,0.702410438,0.000914306556,0.0590488774,2.22217657e-06,2.56088965
224,3.93859193e+18,1,15.6766933,0.925297374,4.22195216,-1.09496425,7.65544763,-1.82125362,6.87391263,1.02554082,1.31168334,7.67928877,-1.44890698,-0.0206496533,299.996,13.5616005,69.9029101,3.09965051,5.84664659,0.774939543,40.933975,24.0686085,2,12,4.00031624,0.272861802,2.53879937,1.54406127,0.00308447792,0.274013594,2.22187227e-06,2.51374096
225,1.51057939e+19,1,15.4738663,1.0181397,5.03292854,-1.14862883,6.38358786,-3.02884789,10.7938446,0.98301139,1.01311399,-5.77830724,0.367612262,-0.00335526406,299.996,14.9454872,71.3693381,1.41763092,5.77685454,0.792874282,41.3522097,14.1335424,2,12,2.15259265,0.344012558,1.68763767,1.47856435,0.00183401996,0.0873946124,2.22210805e-06,2.50074642
226,7.48632838e+18,1,13.8970807,0.993754391,4.43642684,-1.42578639,5.78850115,-1.58647724,2.12411398,1.06256341,1.26250488,-21.4341869,-0.927031672,-0.00417142797,299.996,17.1304147,80.0076014,1.81258914,5.42048356,0.69158065,39.6358025,12.3897913,2,12,2.33020875,0.138456633,1.49781422,0.745009664,0.0022054077,0.173523512,2.22187589e-06,2.54498799
227,1.22987646e+19,1,15.1053962,1.05964903,4.59197411,-1.30245954,6.74150358,-0.533396888,4.19823246,1.01178762,1.18648396,-2.39773686,0.359161376,-0.593220366,299.996,15.7860314,68.1603718,0.763655616,3.41703096,0.677245465,41.002119,14.8190181,2,12,3.75381898,0.169119549,1.72382254,1.51030043,0.00378916867,0.0861367212,2.22176668e-06,2.55583251
228,4.58540305e+18,1,11.9967266,1.01215623,5.9518625,-1.25049566,3.58180317,-3.12295011,9.22249313,1.06382886,0.898607867,2.36638711,-3.49647846,-0.201611595,299.996,10.7482602,41.6855814,0.818799985,4.30186245,0.625168065,38.9216528,8.09922037,2,12,1.1191884,0.282404318,2.03612863,1.14292408,0.00108247399,0.426824988,2.22250359e-06,2.50675556
229,1.06339557e+19,1,15.3335709,0.95598216,5.40599116,-1.1660186,2.03847835,-1.92689322,0.5,1.0321365,0.738768507,3.92286786,0.336867437,0.110636316,299.996,12.0828465,45.5630857,0.655756766,4.02566031,0.682681838,39.9506907,10.3272703,2,13,1.27787771,0.0774633294,1.1140785,0.740050106,0.00179013274,0.0811399002,2.22240071e-06,2.48784914
230,4.85085e+18,1,15.6548792,0.933899475,5.25249676,-1.14876502,3.27876058,-1.85237864,6.25783133,1.00798332,1.24338414,-13.658487,0.589303009,-0.858326987,299.996,14.8402703,74.6521368,0.676308917,3.61902665,0.74162143,39.2294234,12.65702,2,12,2.24250826,0.238353134,1.90144215,1.20118366,0.00194730863,0.196616666,2.222253e-06,2.55074517
231,1.27428483e+19,1,12.9754209,0.894603199,5.7800136,-1.246483,5.66458877,-0.00871824318,10.4476008,1.08388059,1.61521919,-11.2923586,-1.06043322,0.846978852,299.996,16.1693748,79.3333763,2.37892757,5.88593251,0.786029657,41.7594853,10.3208568,2,13,4.05406469,0.339050187,2.03834315,1.69227658,0.00246032931,0.185770161,2.22202165e-06,2.58547742
232,5.38425607e+18,1,13.034814,1.00226138,4.94917223,-1.23386277,5.90468147,-1.35251243,7.49055549,1.02846961,0.941155547,2.5457604,-0.727214149,-0.165215714,299.996,14.3737188,66.1686002,0.732583479,3.32382922,0.645956034,40.119421,10.273931,2,12,2.19967427,0.277518393,3.06368918,1.72526406,0.00362501517,0.263996076,2.22201752e-06,2.51235423
233,1.48686357e+19,1,12.9021142,0.885201647,4.9246284,-1.15524339,4.74481764,-2.9262738,0.800181508,1.04671468,1.10904634,8.19521262,2.50036055,0.342075402,299.996,13.373396,55.7725274,0.802398884,3.843014,0.638400699,39.2380398,8.98516071,2,12,1.42213498,0.108623415,1.24186076,0.865709571,0.00255821639,0.0823781036,2.22169158e-06,2.49270157
234,1.50082936e+19,1,13.4073958,0.874353505,6.18718239,-1.33560219,3.05573278,0.104991421,6.38821684,1.07457875,0.753874254,-0.129697301,3.0562517,-0.40051657,299.996,11.366974,44.1028429,0.636065924,3.69227545,0.634679874,38.8593377,8.64648352,2,12,0.902088526,0.227459084,1.11695663,1.01042819,0.00172204121,0.0792820644,2.22191849e-06,2.54742757
235,1.29942814e+19,1,14.3342213,0.990290824,5.0892095,-1.19073972,4.05707456,-0.859259767,7.35298472,1.04644771,0.775322394,15.0060953,0.926442273,0.130203408,299.996,12.5518828,41.5236679,0.722223249,3.75125431,0.733976857,39.7680091,12.1160468,2,12,0.783623026,0.245405089,1.46330988,1.18829445,0.000857091073,0.140943943,2.22186846e-06,2.51257944
236,1.21161824e+19,1,14.9532017,1.09184301,5.78274246,-1.21462215,0,-0.0326269612,7.02423967,1.047516,1.61671255,6.97884524,-2.2368287,-0.21195586,299.996,11.3929076,47.8134906,0.832236083,3.86447027,0.729517867,38.9216706,10.0624522,2,12,2.62991975,0.280419563,1.73817826,1.19651976,0.00298145523,0.0542607558,2.22232029e-06,2.50070865
237,1.81201393e+19,1,15.2825147,1.12084098,5.47732475,-0.99680123,7.73336569,-2.59324936,5.07997234,0.958548364,0.853449235,-11.8335548,-1.53307793,0.328521326,299.996,12.0884119,51.4953006,0.773936469,4.9323883,0.738031814,41.1110043,13.1451905,2,12,1.65091071,0.172127049,1.04520391,0.794181792,0.000347423335,0.194307104,2.22170646e-06,2.47675032
238,5.69547103e+18,1,14.2768467,0.946169045,5.47167636,-1.2636315,6.55948737,1.3806818,2.25757871,1.0396287,1.20103345,-4.70781779,0.0238202717,-0.178199879,299.996,12.8653596,51.9611669,0.792794954,4.27911748,0.582522751,38.3458971,11.5759006,2,12,1.511284,0.131074271,1.31167958,0.772663294,0.00251153394,0.183664093,2.22172786e-06,2.51385528
239,1.3488731e+19,1,12.8494091,0.910942862,5.25977504,-1.00852067,4.5417366,1.4923468,2.95958106,1.01338887,0.840131557,1.79592611,-1.18826584,-0.119332054,299.996,16.7366903,75.6461248,0.692403269,4.47661714,0.585472297,38.934671,10.7071796,2,12,1.62742694,0.118810484,1.18058078,0.594739801,0.00171051141,0.134707356,2.22192932e-06,2.53661428
240,1.08355861e+19,1,13.4197761,0.928537363,4.92799186,-1.27863289,6.5477997,-0.524387989,5.08753965,1.09427839,1.05197332,-12.2925517,-0.105062871,0.0468624027,299.996,13.4935847,59.3445402,1.93845822,4.23805,0.657982644,40.2681357,9.10703033,2,12,2.57080321,0.20881933,1.26852631,0.983038497,0.00163305533,0.0610435427,2.22173793e-06,2.51502597
241,5.18995352e+18,1,13.8103519,1.02413876,4.37589711,-1.16499805,8.46030448,0.0157037315,0.5,1.03060176,0.755645115,-13.9157972,-0.379376427,0.658410429,299.996,14.5117828,55.9439209,0.627620104,3.70964731,0.685416196,40.284918,10.8117493,2,11,1.28609171,0.0743099282,0.607535748,0.416024856,0.00151723022,0.0843085317,2.22157425e-06,2.47635882
242,1.42665793e+19,1,11.0017582,0.997220042,5.28733284,-1.33546274,8.61441603,2.4969196,2.26506052,0.90091544,0.760130935,2.20010655,1.00907296,-0.383341506,299.996,18.7277336,64.9203495,1.61541558,4.46285676,0.649258756,39.2483224,8.64688394,2,11,2.32172248,0.102146387,0.756792671,0.470463773,0.00101191252,0.0571434087,2.22163469e-06,2.50041104
243,5.80974601e+18,1,14.5004886,0.982352494,5.02769514,-1.14255611,2.45864399,0.540768788,2.55427907,0.920923767,1.14474011,5.6978248,-1.21895913,-0.0343906594,299.996,12.9881472,52.9065543,1.02143087,4.57108608,0.65829176,38.5261309,13.0204996,2,13,2.12993842,0.141787864,1.06494321,0.640917342,0.00292715242,0.19994952,2.22199992e-06,2.52327593
244,3.37066717e+18,1,13.0173638,0.938989755,6.40913076,-1.33246255,3.34338261,-1.4543129,4.7357361,1.01738156,0.688555248,15.236917,-0.218098678,0.175687031,299.996,12.2181464,50.0288157,0.734640266,3.60385343,0.641985983,39.4779873,8.30803201,2,13,0.859334768,0.171146403,1.25493021,0.824498559,0.00110356185,0.0648971862,2.22222776e-06,2.6741089
245,2.10959655e+18,1,13.6319015,1.07802645,4.78263814,-1.01807,5.88896179,-2.68791143,5.19260508,0.905217242,1.12476937,0.7770272,0.718660566,0.383663084,299.996,13.5796007,61.114187,0.955254268,4.39221861,0.729981789,39.7779404,12.8342658,2,12,2.59385506,0.183346159,1.41639125,1.18665249,0.00285361271,0.0988600989,2.22182816e-06,2.474654
246,1.56132439e+18,1,13.3032044,1.01377018,5.32876708,-1.08519091,9.61184723,1.49011451,0.5,1.01738319,0.905066423,1.0582825,3.11661353,-0.602583519,299.996,12.7202176,44.4625756,0.595692413,3.22385622,0.668416195,40.053916,9.57580568,2,11,1.3624846,0.0993477336,1.54599158,0.83072639,0.00108811756,0.181630384,2.22159348e-06,2.54350344
247,1.15365176e+19,1,12.6337769,0.992778254,4.98047762,-1.4332018,5.83635097,-0.195762098,5.0870467,0.933391889,0.718348018,14.6035452,2.91443057,0.251468418,299.996,17.1099942,74.3032788,0.842473901,4.22439433,0.621820854,41.1836175,10.9914479,2,12,0.957211365,0.148295876,0.88375147,0.530356555,0.0021281287,0.0380696975,2.22172024e-06,2.56862603
248,6.28970234e+18,1,15.2843276,1.07889453,4.28989391,-1.4330856,4.09057728,1.59018472,6.55502534,1.09474893,1.09427511,14.7389335,-0.916149327,0.0447899079,299.996,14.1467505,66.5896962,0.765758452,4.48197367,0.71295713,38.6419693,12.1793617,2,12,2.51464432,0.235166593,1.18472096,1.03064387,0.00104666914,0.0762529935,2.22203768e-06,2.50942989
249,7.28267511e+18,1,12.686705,0.892115674,5.46407592,-1.18761315,7.80998081,2.4602116,0.773541151,1.05308771,0.64378593,5.69694513,-1.53915097,0.0357150966,299.996,19.2326587,67.5166897,0.852691871,4.33016468,0.664438456,39.2875741,8.86094843,2,12,1.11077031,0.0740877499,1.31416143,0.480033472,0.0010548357,0.222656011,2.22161557e-06,2.4990164
250,2.49478316e+18,1,12.1715933,0.942195759,5.14748378,-1.07197644,4.74595907,-1.49783742,0.750974051,1.06215551,1.17438885,-22.4777281,1.34597591,0.434670221,299.996,15.1590234,69.7830459,0.594836703,3.36425506,0.581651997,38.9689184,8.48280753,2,12,3.06425247,0.109484874,0.449780733,0.326579737,0.000875698842,0.0456658024,2.22193098e-06,2.53420785
251,4.8093825e+18,1,11.9108856,0.898118988,4.38860874,-1.44161068,2.76023713,1.32367786,8.54410188,1.08361987,1.7603415,8.88293431,-1.59765496,-0.126391791,299.996,11.9518099,56.5087627,1.79419633,4.84123256,0.758674067,41.0898057,10.6951539,2,12,2.93706105,0.335538168,1.75493874,1.5059843,0.00196125483,0.240808794,2.22218798e-06,2.53975324
252,1.47913566e+19,1,14.6254078,1.04234955,4.43062647,-1.075121,6.21813058,0.921109442,3.05181384,0.989327711,1.06905972,-11.2394781,0.537209662,0.199811402,299.996,12.8263514,56.7958952,0.974078219,3.79775647,0.610602311,39.3809371,12.9713694,2,12,1.26400385,0.140634981,0.886083679,0.696981228,0.00127489688,0.0671912721,2.2216841e-06,2.50799819
253,2.5338265e+18,1,13.7285932,0.903799979,5.11091362,-1.07240322,4.53850764,1.43095862,5.12028072,0.982284745,0.916400634,7.01960164,-2.82392477,-0.486940664,299.996,15.8748703,75.9969208,0.712377758,4.58869297,0.668144326,41.1100791,12.3976479,2,12,0.960471299,0.163288849,1.12573388,0.937655911,0.000914850667,0.0810784641,2.22178773e-06,2.49213958
254,1.2878579e+19,1,14.2034061,1.03621219,4.33186749,-0.889313335,8.12016444,2.579438,12.7420324,1.03685974,1.021753,18.5889711,0.75221859,-0.0457411348,299.996,23.3304811,98.7285473,0.864886746,3.93273976,0.893694119,41.3828266,13.5880886,2,12,2.55499945,0.405566233,2.16619582,1.85643056,0.00301962423,0.162759117,2.22199618e-06,2.57014698
255,1.82391281e+19,1,11.716891,1.05726249,5.74710303,-1.45366269,2.15538875,2.45387422,2.19176103,0.954504004,1.10988628,-9.31447686,0.0348046579,-0.122862765,299.996,9.80911721,41.6308639,0.760040042,4.24186926,0.732827062,40.6517649,9.48461931,2,12,0.973819314,0.140404996,1.85023797,0.614057222,0.00153252789,0.212253117,2.22185575e-06,2.54593781
